Region,Date,Frequency,Estimated Unemployment Rate (%),Estimated Employed,Estimated Labour Participation Rate (%),Area,COVID_Period,Year,Month,Month_Name,Year_Month,Pre_COVID_Regional_Avg,COVID_Deviation
Andhra Pradesh,2019-05-31,Monthly,3.65,11999139.0,43.24,Rural,Pre-COVID,2019,5,May,2019-05,5.0375,-1.3874999999999997
Andhra Pradesh,2019-06-30,Monthly,3.05,11755881.0,42.05,Rural,Pre-COVID,2019,6,Jun,2019-06,5.0375,-1.9874999999999998
Andhra Pradesh,2019-07-31,Monthly,3.75,12086707.0,43.5,Rural,Pre-COVID,2019,7,Jul,2019-07,5.0375,-1.2874999999999996
Andhra Pradesh,2019-08-31,Monthly,3.32,12285693.0,43.97,Rural,Pre-COVID,2019,8,Aug,2019-08,5.0375,-1.7174999999999998
Andhra Pradesh,2019-09-30,Monthly,5.17,12256762.0,44.68,Rural,Pre-COVID,2019,9,Sep,2019-09,5.0375,0.13250000000000028
Andhra Pradesh,2019-10-31,Monthly,3.52,12017412.0,43.01,Rural,Pre-COVID,2019,10,Oct,2019-10,5.0375,-1.5174999999999996
Andhra Pradesh,2019-11-30,Monthly,4.12,11397681.0,41.0,Rural,Pre-COVID,2019,11,Nov,2019-11,5.0375,-0.9174999999999995
Andhra Pradesh,2019-12-31,Monthly,4.38,12528395.0,45.14,Rural,Pre-COVID,2019,12,Dec,2019-12,5.0375,-0.6574999999999998
Andhra Pradesh,2020-01-31,Monthly,4.84,12016676.0,43.46,Rural,Pre-COVID,2020,1,Jan,2020-01,5.0375,-0.1974999999999998
Andhra Pradesh,2020-02-29,Monthly,5.91,11723617.0,42.83,Rural,Pre-COVID,2020,2,Feb,2020-02,5.0375,0.8725000000000005
Andhra Pradesh,2020-03-31,Monthly,4.06,11359660.0,40.66,Rural,COVID,2020,3,Mar,2020-03,5.0375,-0.9775
Andhra Pradesh,2020-04-30,Monthly,16.29,8792827.0,36.03,Rural,COVID,2020,4,Apr,2020-04,5.0375,11.2525
Andhra Pradesh,2020-05-31,Monthly,14.46,9526902.0,38.16,Rural,COVID,2020,5,May,2020-05,5.0375,9.422500000000001
Andhra Pradesh,2020-06-30,Monthly,0.85,15572975.0,53.76,Rural,COVID,2020,6,Jun,2020-06,5.0375,-4.1875
Andhra Pradesh,2019-05-31,Monthly,6.09,4788661.0,37.45,Urban,Pre-COVID,2019,5,May,2019-05,5.0375,1.0525000000000002
Andhra Pradesh,2019-06-30,Monthly,3.8,4824630.0,36.76,Urban,Pre-COVID,2019,6,Jun,2019-06,5.0375,-1.2374999999999998
Andhra Pradesh,2019-07-31,Monthly,5.64,4657443.0,36.1,Urban,Pre-COVID,2019,7,Jul,2019-07,5.0375,0.6025
Andhra Pradesh,2019-08-31,Monthly,4.61,4743179.0,36.29,Urban,Pre-COVID,2019,8,Aug,2019-08,5.0375,-0.4274999999999993
Andhra Pradesh,2019-09-30,Monthly,6.01,4733996.0,36.69,Urban,Pre-COVID,2019,9,Sep,2019-09,5.0375,0.9725000000000001
Andhra Pradesh,2019-10-31,Monthly,4.7,4774377.0,36.41,Urban,Pre-COVID,2019,10,Oct,2019-10,5.0375,-0.33749999999999947
Andhra Pradesh,2019-11-30,Monthly,7.54,4668772.0,36.62,Urban,Pre-COVID,2019,11,Nov,2019-11,5.0375,2.5025000000000004
Andhra Pradesh,2019-12-31,Monthly,7.88,4913963.0,38.61,Urban,Pre-COVID,2019,12,Dec,2019-12,5.0375,2.8425000000000002
Andhra Pradesh,2020-01-31,Monthly,7.11,4618860.0,35.91,Urban,Pre-COVID,2020,1,Jan,2020-01,5.0375,2.0725000000000007
Andhra Pradesh,2020-02-29,Monthly,5.66,4822035.0,36.84,Urban,Pre-COVID,2020,2,Feb,2020-02,5.0375,0.6225000000000005
Andhra Pradesh,2020-03-31,Monthly,9.88,4521537.0,36.08,Urban,COVID,2020,3,Mar,2020-03,5.0375,4.842500000000001
Andhra Pradesh,2020-04-30,Monthly,32.3,2544084.0,26.97,Urban,COVID,2020,4,Apr,2020-04,5.0375,27.262499999999996
Andhra Pradesh,2020-05-31,Monthly,24.91,3428356.0,32.69,Urban,COVID,2020,5,May,2020-05,5.0375,19.872500000000002
Andhra Pradesh,2020-06-30,Monthly,5.86,4954389.0,37.61,Urban,COVID,2020,6,Jun,2020-06,5.0375,0.8225000000000007
Assam,2019-05-31,Monthly,4.29,11749334.0,57.39,Rural,Pre-COVID,2019,5,May,2019-05,6.372631578947368,-2.0826315789473684
Assam,2019-06-30,Monthly,5.08,8923222.0,43.87,Rural,Pre-COVID,2019,6,Jun,2019-06,6.372631578947368,-1.2926315789473684
Assam,2019-07-31,Monthly,4.26,9911534.0,48.21,Rural,Pre-COVID,2019,7,Jul,2019-07,6.372631578947368,-2.1126315789473686
Assam,2019-08-31,Monthly,5.79,9292039.0,45.83,Rural,Pre-COVID,2019,8,Aug,2019-08,6.372631578947368,-0.5826315789473684
Assam,2019-09-30,Monthly,4.46,11468349.0,55.67,Rural,Pre-COVID,2019,9,Sep,2019-09,6.372631578947368,-1.9126315789473685
Assam,2019-10-31,Monthly,4.65,8395906.0,40.76,Rural,Pre-COVID,2019,10,Oct,2019-10,6.372631578947368,-1.722631578947368
Assam,2019-11-30,Monthly,4.66,9625362.0,46.64,Rural,Pre-COVID,2019,11,Nov,2019-11,6.372631578947368,-1.7126315789473683
Assam,2020-01-31,Monthly,4.29,11420996.0,54.9,Rural,Pre-COVID,2020,1,Jan,2020-01,6.372631578947368,-2.0826315789473684
Assam,2020-02-29,Monthly,3.26,8462814.0,40.17,Rural,Pre-COVID,2020,2,Feb,2020-02,6.372631578947368,-3.1126315789473686
Assam,2020-03-31,Monthly,3.77,9878742.0,47.05,Rural,COVID,2020,3,Mar,2020-03,6.372631578947368,-2.6026315789473684
Assam,2020-05-31,Monthly,9.38,9926176.0,50.0,Rural,COVID,2020,5,May,2020-05,6.372631578947368,3.0073684210526324
Assam,2020-06-30,Monthly,0.0,7544937.0,34.38,Rural,COVID,2020,6,Jun,2020-06,6.372631578947368,-6.372631578947368
Assam,2019-05-31,Monthly,7.87,1671707.0,44.92,Urban,Pre-COVID,2019,5,May,2019-05,6.372631578947368,1.4973684210526317
Assam,2019-06-30,Monthly,9.89,1647342.0,45.17,Urban,Pre-COVID,2019,6,Jun,2019-06,6.372631578947368,3.517368421052632
Assam,2019-07-31,Monthly,3.21,1739838.0,44.32,Urban,Pre-COVID,2019,7,Jul,2019-07,6.372631578947368,-3.1626315789473685
Assam,2019-08-31,Monthly,10.39,1595582.0,43.81,Urban,Pre-COVID,2019,8,Aug,2019-08,6.372631578947368,4.017368421052632
Assam,2019-09-30,Monthly,9.26,1576480.0,42.66,Urban,Pre-COVID,2019,9,Sep,2019-09,6.372631578947368,2.8873684210526314
Assam,2019-10-31,Monthly,11.17,1595176.0,44.01,Urban,Pre-COVID,2019,10,Oct,2019-10,6.372631578947368,4.7973684210526315
Assam,2019-11-30,Monthly,6.31,1708045.0,44.59,Urban,Pre-COVID,2019,11,Nov,2019-11,6.372631578947368,-0.06263157894736882
Assam,2019-12-31,Monthly,5.02,1722303.0,44.26,Urban,Pre-COVID,2019,12,Dec,2019-12,6.372631578947368,-1.3526315789473689
Assam,2020-01-31,Monthly,7.24,1630908.0,42.82,Urban,Pre-COVID,2020,1,Jan,2020-01,6.372631578947368,0.8673684210526318
Assam,2020-02-29,Monthly,9.98,1625454.0,43.9,Urban,Pre-COVID,2020,2,Feb,2020-02,6.372631578947368,3.607368421052632
Assam,2020-03-31,Monthly,10.34,1664145.0,45.03,Urban,COVID,2020,3,Mar,2020-03,6.372631578947368,3.9673684210526314
Assam,2020-04-30,Monthly,8.37,1454956.0,38.45,Urban,COVID,2020,4,Apr,2020-04,6.372631578947368,1.9973684210526308
Assam,2020-05-31,Monthly,10.77,1441722.0,39.04,Urban,COVID,2020,5,May,2020-05,6.372631578947368,4.397368421052631
Assam,2020-06-30,Monthly,3.42,1551007.0,38.73,Urban,COVID,2020,6,Jun,2020-06,6.372631578947368,-2.9526315789473685
Bihar,2019-05-31,Monthly,9.27,24322330.0,39.75,Rural,Pre-COVID,2019,5,May,2019-05,13.832999999999998,-4.562999999999999
Bihar,2019-06-30,Monthly,10.2,24097712.0,39.71,Rural,Pre-COVID,2019,6,Jun,2019-06,13.832999999999998,-3.632999999999999
Bihar,2019-07-31,Monthly,13.44,23248875.0,39.66,Rural,Pre-COVID,2019,7,Jul,2019-07,13.832999999999998,-0.3929999999999989
Bihar,2019-08-31,Monthly,11.0,22260203.0,36.85,Rural,Pre-COVID,2019,8,Aug,2019-08,13.832999999999998,-2.8329999999999984
Bihar,2019-09-30,Monthly,8.87,23905700.0,38.57,Rural,Pre-COVID,2019,9,Sep,2019-09,13.832999999999998,-4.962999999999999
Bihar,2019-10-31,Monthly,12.47,24053140.0,40.31,Rural,Pre-COVID,2019,10,Oct,2019-10,13.832999999999998,-1.3629999999999978
Bihar,2019-11-30,Monthly,12.4,22445989.0,37.51,Rural,Pre-COVID,2019,11,Nov,2019-11,13.832999999999998,-1.432999999999998
Bihar,2019-12-31,Monthly,10.16,22914530.0,37.25,Rural,Pre-COVID,2019,12,Dec,2019-12,13.832999999999998,-3.6729999999999983
Bihar,2020-01-31,Monthly,9.13,23409006.0,37.54,Rural,Pre-COVID,2020,1,Jan,2020-01,13.832999999999998,-4.702999999999998
Bihar,2020-02-29,Monthly,9.61,23168192.0,37.28,Rural,Pre-COVID,2020,2,Feb,2020-02,13.832999999999998,-4.222999999999999
Bihar,2020-03-31,Monthly,15.39,22667882.0,38.88,Rural,COVID,2020,3,Mar,2020-03,13.832999999999998,1.5570000000000022
Bihar,2020-04-30,Monthly,45.09,14645275.0,38.63,Rural,COVID,2020,4,Apr,2020-04,13.832999999999998,31.257000000000005
Bihar,2020-05-31,Monthly,47.26,14050319.0,38.5,Rural,COVID,2020,5,May,2020-05,13.832999999999998,33.427
Bihar,2020-06-30,Monthly,20.49,20622566.0,37.4,Rural,COVID,2020,6,Jun,2020-06,13.832999999999998,6.657
Bihar,2019-05-31,Monthly,19.9,3029344.0,39.8,Urban,Pre-COVID,2019,5,May,2019-05,13.832999999999998,6.067
Bihar,2019-06-30,Monthly,13.29,3248864.0,39.35,Urban,Pre-COVID,2019,6,Jun,2019-06,13.832999999999998,-0.5429999999999993
Bihar,2019-07-31,Monthly,16.41,3059744.0,38.36,Urban,Pre-COVID,2019,7,Jul,2019-07,13.832999999999998,2.5770000000000017
Bihar,2019-08-31,Monthly,17.66,2994763.0,38.03,Urban,Pre-COVID,2019,8,Aug,2019-08,13.832999999999998,3.8270000000000017
Bihar,2019-09-30,Monthly,20.46,2992082.0,39.25,Urban,Pre-COVID,2019,9,Sep,2019-09,13.832999999999998,6.6270000000000024
Bihar,2019-10-31,Monthly,14.06,3173429.0,38.45,Urban,Pre-COVID,2019,10,Oct,2019-10,13.832999999999998,0.2270000000000021
Bihar,2019-11-30,Monthly,17.62,3081077.0,38.86,Urban,Pre-COVID,2019,11,Nov,2019-11,13.832999999999998,3.7870000000000026
Bihar,2019-12-31,Monthly,14.91,2977857.0,36.29,Urban,Pre-COVID,2019,12,Dec,2019-12,13.832999999999998,1.0770000000000017
Bihar,2020-01-31,Monthly,20.69,2988665.0,38.99,Urban,Pre-COVID,2020,1,Jan,2020-01,13.832999999999998,6.857000000000003
Bihar,2020-02-29,Monthly,15.11,3113464.0,37.87,Urban,Pre-COVID,2020,2,Feb,2020-02,13.832999999999998,1.277000000000001
Bihar,2020-03-31,Monthly,15.73,3049637.0,37.29,Urban,COVID,2020,3,Mar,2020-03,13.832999999999998,1.897000000000002
Bihar,2020-04-30,Monthly,58.77,1400962.0,34.94,Urban,COVID,2020,4,Apr,2020-04,13.832999999999998,44.937000000000005
Bihar,2020-05-31,Monthly,37.87,2207026.0,36.45,Urban,COVID,2020,5,May,2020-05,13.832999999999998,24.037
Bihar,2020-06-30,Monthly,12.45,3124663.0,36.54,Urban,COVID,2020,6,Jun,2020-06,13.832999999999998,-1.3829999999999991
Chandigarh,2019-05-31,Monthly,18.35,348042.0,44.89,Urban,Pre-COVID,2019,5,May,2019-05,16.325,2.025000000000002
Chandigarh,2019-06-30,Monthly,12.4,337145.0,40.44,Urban,Pre-COVID,2019,6,Jun,2019-06,16.325,-3.924999999999999
Chandigarh,2019-07-31,Monthly,21.8,294379.0,39.47,Urban,Pre-COVID,2019,7,Jul,2019-07,16.325,5.475000000000001
Chandigarh,2019-08-31,Monthly,9.52,328282.0,37.95,Urban,Pre-COVID,2019,8,Aug,2019-08,16.325,-6.805
Chandigarh,2019-09-30,Monthly,20.14,327239.0,42.77,Urban,Pre-COVID,2019,9,Sep,2019-09,16.325,3.8150000000000013
Chandigarh,2019-10-31,Monthly,13.99,330856.0,40.06,Urban,Pre-COVID,2019,10,Oct,2019-10,16.325,-2.334999999999999
Chandigarh,2019-11-30,Monthly,22.05,289593.0,38.6,Urban,Pre-COVID,2019,11,Nov,2019-11,16.325,5.725000000000001
Chandigarh,2019-12-31,Monthly,8.33,311146.0,35.19,Urban,Pre-COVID,2019,12,Dec,2019-12,16.325,-7.994999999999999
Chandigarh,2020-01-31,Monthly,20.0,332062.0,42.94,Urban,Pre-COVID,2020,1,Jan,2020-01,16.325,3.6750000000000007
Chandigarh,2020-02-29,Monthly,16.67,316887.0,39.25,Urban,Pre-COVID,2020,2,Feb,2020-02,16.325,0.3450000000000024
Chandigarh,2020-03-31,Monthly,21.43,279839.0,36.68,Urban,COVID,2020,3,Mar,2020-03,16.325,5.105
Chandigarh,2020-06-30,Monthly,7.22,306505.0,33.8,Urban,COVID,2020,6,Jun,2020-06,16.325,-9.105
Chhattisgarh,2019-05-31,Monthly,9.82,6259019.0,42.89,Rural,Pre-COVID,2019,5,May,2019-05,7.7065,2.1135
Chhattisgarh,2019-06-30,Monthly,6.76,6608626.0,43.71,Rural,Pre-COVID,2019,6,Jun,2019-06,7.7065,-0.9465000000000003
Chhattisgarh,2019-07-31,Monthly,4.54,6753622.0,43.53,Rural,Pre-COVID,2019,7,Jul,2019-07,7.7065,-3.1665
Chhattisgarh,2019-08-31,Monthly,4.64,6607694.0,42.55,Rural,Pre-COVID,2019,8,Aug,2019-08,7.7065,-3.0665000000000004
Chhattisgarh,2019-09-30,Monthly,8.33,6490776.0,43.38,Rural,Pre-COVID,2019,9,Sep,2019-09,7.7065,0.6234999999999999
Chhattisgarh,2019-10-31,Monthly,6.96,7043840.0,46.28,Rural,Pre-COVID,2019,10,Oct,2019-10,7.7065,-0.7465000000000002
Chhattisgarh,2019-11-30,Monthly,2.77,6942931.0,43.56,Rural,Pre-COVID,2019,11,Nov,2019-11,7.7065,-4.9365000000000006
Chhattisgarh,2019-12-31,Monthly,6.11,6569385.0,42.59,Rural,Pre-COVID,2019,12,Dec,2019-12,7.7065,-1.5964999999999998
Chhattisgarh,2020-01-31,Monthly,9.89,6236201.0,42.03,Rural,Pre-COVID,2020,1,Jan,2020-01,7.7065,2.1835000000000004
Chhattisgarh,2020-02-29,Monthly,7.89,6847173.0,45.05,Rural,Pre-COVID,2020,2,Feb,2020-02,7.7065,0.18349999999999955
Chhattisgarh,2020-03-31,Monthly,7.31,6894808.0,44.98,Rural,COVID,2020,3,Mar,2020-03,7.7065,-0.3965000000000005
Chhattisgarh,2020-04-30,Monthly,0.0,6534321.0,39.43,Rural,COVID,2020,4,Apr,2020-04,7.7065,-7.7065
Chhattisgarh,2020-05-31,Monthly,7.64,5454091.0,35.56,Rural,COVID,2020,5,May,2020-05,7.7065,-0.06650000000000045
Chhattisgarh,2020-06-30,Monthly,10.14,5781095.0,38.66,Rural,COVID,2020,6,Jun,2020-06,7.7065,2.4335000000000004
Chhattisgarh,2019-05-31,Monthly,9.77,2223129.0,45.61,Urban,Pre-COVID,2019,5,May,2019-05,7.7065,2.0634999999999994
Chhattisgarh,2019-06-30,Monthly,11.77,2192020.0,45.88,Urban,Pre-COVID,2019,6,Jun,2019-06,7.7065,4.0634999999999994
Chhattisgarh,2019-07-31,Monthly,8.17,2285436.0,45.85,Urban,Pre-COVID,2019,7,Jul,2019-07,7.7065,0.4634999999999998
Chhattisgarh,2019-08-31,Monthly,6.29,2392400.0,46.91,Urban,Pre-COVID,2019,8,Aug,2019-08,7.7065,-1.4165
Chhattisgarh,2019-09-30,Monthly,9.46,2311507.0,46.8,Urban,Pre-COVID,2019,9,Sep,2019-09,7.7065,1.7535000000000007
Chhattisgarh,2019-10-31,Monthly,10.27,2297096.0,46.82,Urban,Pre-COVID,2019,10,Oct,2019-10,7.7065,2.5634999999999994
Chhattisgarh,2019-11-30,Monthly,8.32,2341284.0,46.59,Urban,Pre-COVID,2019,11,Nov,2019-11,7.7065,0.6135000000000002
Chhattisgarh,2019-12-31,Monthly,3.57,2415436.0,45.59,Urban,Pre-COVID,2019,12,Dec,2019-12,7.7065,-4.1365
Chhattisgarh,2020-01-31,Monthly,9.01,2315972.0,46.21,Urban,Pre-COVID,2020,1,Jan,2020-01,7.7065,1.3034999999999997
Chhattisgarh,2020-02-29,Monthly,9.79,2347941.0,47.14,Urban,Pre-COVID,2020,2,Feb,2020-02,7.7065,2.083499999999999
Chhattisgarh,2020-03-31,Monthly,8.21,2407509.0,47.39,Urban,COVID,2020,3,Mar,2020-03,7.7065,0.5035000000000007
Chhattisgarh,2020-04-30,Monthly,20.13,1066126.0,24.06,Urban,COVID,2020,4,Apr,2020-04,7.7065,12.423499999999999
Chhattisgarh,2020-05-31,Monthly,24.1,1276291.0,30.24,Urban,COVID,2020,5,May,2020-05,7.7065,16.393500000000003
Chhattisgarh,2020-06-30,Monthly,27.07,1602231.0,39.41,Urban,COVID,2020,6,Jun,2020-06,7.7065,19.363500000000002
Delhi,2019-05-31,Monthly,12.56,169487.0,42.33,Rural,Pre-COVID,2019,5,May,2019-05,14.230500000000001,-1.6705000000000005
Delhi,2019-06-30,Monthly,9.33,149076.0,35.74,Rural,Pre-COVID,2019,6,Jun,2019-06,14.230500000000001,-4.900500000000001
Delhi,2019-07-31,Monthly,11.07,166605.0,40.53,Rural,Pre-COVID,2019,7,Jul,2019-07,14.230500000000001,-3.1605000000000008
Delhi,2019-08-31,Monthly,17.18,135407.0,35.21,Rural,Pre-COVID,2019,8,Aug,2019-08,14.230500000000001,2.9494999999999987
Delhi,2019-09-30,Monthly,12.5,166056.0,40.68,Rural,Pre-COVID,2019,9,Sep,2019-09,14.230500000000001,-1.730500000000001
Delhi,2019-10-31,Monthly,15.84,149511.0,37.9,Rural,Pre-COVID,2019,10,Oct,2019-10,14.230500000000001,1.6094999999999988
Delhi,2019-11-30,Monthly,11.11,178768.0,42.71,Rural,Pre-COVID,2019,11,Nov,2019-11,14.230500000000001,-3.1205000000000016
Delhi,2019-12-31,Monthly,16.97,145671.0,37.08,Rural,Pre-COVID,2019,12,Dec,2019-12,14.230500000000001,2.739499999999998
Delhi,2020-01-31,Monthly,13.48,157791.0,38.36,Rural,Pre-COVID,2020,1,Jan,2020-01,14.230500000000001,-0.7505000000000006
Delhi,2020-02-29,Monthly,13.81,147500.0,35.84,Rural,Pre-COVID,2020,2,Feb,2020-02,14.230500000000001,-0.42050000000000054
Delhi,2020-03-31,Monthly,15.18,152413.0,37.45,Rural,COVID,2020,3,Mar,2020-03,14.230500000000001,0.9494999999999987
Delhi,2020-04-30,Monthly,20.69,115487.0,30.21,Rural,COVID,2020,4,Apr,2020-04,14.230500000000001,6.4595
Delhi,2020-05-31,Monthly,22.76,129610.0,34.65,Rural,COVID,2020,5,May,2020-05,14.230500000000001,8.5295
Delhi,2020-06-30,Monthly,21.14,112108.0,29.22,Rural,COVID,2020,6,Jun,2020-06,14.230500000000001,6.9094999999999995
Delhi,2019-05-31,Monthly,12.31,5756475.0,44.17,Urban,Pre-COVID,2019,5,May,2019-05,14.230500000000001,-1.9205000000000005
Delhi,2019-06-30,Monthly,12.76,5550172.0,42.71,Urban,Pre-COVID,2019,6,Jun,2019-06,14.230500000000001,-1.4705000000000013
Delhi,2019-07-31,Monthly,14.68,5393091.0,42.34,Urban,Pre-COVID,2019,7,Jul,2019-07,14.230500000000001,0.4494999999999987
Delhi,2019-08-31,Monthly,13.52,5552510.0,42.9,Urban,Pre-COVID,2019,8,Aug,2019-08,14.230500000000001,-0.7105000000000015
Delhi,2019-09-30,Monthly,20.59,5642253.0,47.36,Urban,Pre-COVID,2019,9,Sep,2019-09,14.230500000000001,6.359499999999999
Delhi,2019-10-31,Monthly,12.41,6030363.0,45.78,Urban,Pre-COVID,2019,10,Oct,2019-10,14.230500000000001,-1.820500000000001
Delhi,2019-11-30,Monthly,16.11,5439600.0,43.02,Urban,Pre-COVID,2019,11,Nov,2019-11,14.230500000000001,1.8794999999999984
Delhi,2019-12-31,Monthly,11.07,5718337.0,42.56,Urban,Pre-COVID,2019,12,Dec,2019-12,14.230500000000001,-3.1605000000000008
Delhi,2020-01-31,Monthly,22.45,5647493.0,48.09,Urban,Pre-COVID,2020,1,Jan,2020-01,14.230500000000001,8.219499999999998
Delhi,2020-02-29,Monthly,14.86,5708807.0,44.18,Urban,Pre-COVID,2020,2,Feb,2020-02,14.230500000000001,0.6294999999999984
Delhi,2020-03-31,Monthly,17.09,5401392.0,42.82,Urban,COVID,2020,3,Mar,2020-03,14.230500000000001,2.859499999999999
Delhi,2020-04-30,Monthly,16.51,3003787.0,23.59,Urban,COVID,2020,4,Apr,2020-04,14.230500000000001,2.2795000000000005
Delhi,2020-05-31,Monthly,45.78,2343783.0,28.28,Urban,COVID,2020,5,May,2020-05,14.230500000000001,31.549500000000002
Delhi,2020-06-30,Monthly,18.11,4306807.0,34.32,Urban,COVID,2020,6,Jun,2020-06,14.230500000000001,3.8794999999999984
Goa,2019-05-31,Monthly,2.91,179340.0,39.16,Rural,Pre-COVID,2019,5,May,2019-05,8.5075,-5.5975
Goa,2019-06-30,Monthly,5.45,170471.0,38.19,Rural,Pre-COVID,2019,6,Jun,2019-06,8.5075,-3.0575
Goa,2019-07-31,Monthly,10.98,167437.0,39.81,Rural,Pre-COVID,2019,7,Jul,2019-07,8.5075,2.4725
Goa,2019-08-31,Monthly,1.98,183603.0,39.61,Rural,Pre-COVID,2019,8,Aug,2019-08,8.5075,-6.5275
Goa,2019-09-30,Monthly,3.61,163215.0,35.78,Rural,Pre-COVID,2019,9,Sep,2019-09,8.5075,-4.897500000000001
Goa,2019-10-31,Monthly,7.21,177440.0,40.36,Rural,Pre-COVID,2019,10,Oct,2019-10,8.5075,-1.2975000000000003
Goa,2019-11-30,Monthly,23.71,159489.0,44.09,Rural,Pre-COVID,2019,11,Nov,2019-11,8.5075,15.2025
Goa,2019-12-31,Monthly,3.54,177155.0,38.7,Rural,Pre-COVID,2019,12,Dec,2019-12,8.5075,-4.9675
Goa,2020-01-31,Monthly,5.38,158936.0,35.36,Rural,Pre-COVID,2020,1,Jan,2020-01,8.5075,-3.1275000000000004
Goa,2020-02-29,Monthly,0.0,171672.0,36.11,Rural,Pre-COVID,2020,2,Feb,2020-02,8.5075,-8.5075
Goa,2020-04-30,Monthly,15.91,181657.0,45.36,Rural,COVID,2020,4,Apr,2020-04,8.5075,7.4025
Goa,2020-05-31,Monthly,20.0,128538.0,33.71,Rural,COVID,2020,5,May,2020-05,8.5075,11.4925
Goa,2019-05-31,Monthly,2.75,264855.0,34.17,Urban,Pre-COVID,2019,5,May,2019-05,8.5075,-5.7575
Goa,2019-06-30,Monthly,13.33,304015.0,43.96,Urban,Pre-COVID,2019,6,Jun,2019-06,8.5075,4.8225
Goa,2019-07-31,Monthly,12.28,280367.0,40.0,Urban,Pre-COVID,2019,7,Jul,2019-07,8.5075,3.772499999999999
Goa,2019-08-31,Monthly,4.9,243277.0,31.97,Urban,Pre-COVID,2019,8,Aug,2019-08,8.5075,-3.6075
Goa,2019-09-30,Monthly,3.16,309643.0,39.92,Urban,Pre-COVID,2019,9,Sep,2019-09,8.5075,-5.3475
Goa,2019-10-31,Monthly,12.31,290264.0,41.27,Urban,Pre-COVID,2019,10,Oct,2019-10,8.5075,3.8025
Goa,2019-11-30,Monthly,25.2,271612.0,45.22,Urban,Pre-COVID,2019,11,Nov,2019-11,8.5075,16.6925
Goa,2019-12-31,Monthly,16.22,288154.0,42.77,Urban,Pre-COVID,2019,12,Dec,2019-12,8.5075,7.712499999999999
Goa,2020-01-31,Monthly,10.92,257814.0,35.95,Urban,Pre-COVID,2020,1,Jan,2020-01,8.5075,2.4124999999999996
Goa,2020-02-29,Monthly,4.31,306396.0,39.73,Urban,Pre-COVID,2020,2,Feb,2020-02,8.5075,-4.197500000000001
Goa,2020-03-31,Monthly,4.76,277093.0,36.05,Urban,COVID,2020,3,Mar,2020-03,8.5075,-3.7475000000000005
Goa,2020-04-30,Monthly,11.76,318957.0,44.74,Urban,COVID,2020,4,Apr,2020-04,8.5075,3.2524999999999995
Gujarat,2019-05-31,Monthly,2.88,13954728.0,52.03,Rural,Pre-COVID,2019,5,May,2019-05,5.176,-2.2960000000000003
Gujarat,2019-06-30,Monthly,4.77,13199281.0,50.12,Rural,Pre-COVID,2019,6,Jun,2019-06,5.176,-0.4060000000000006
Gujarat,2019-07-31,Monthly,4.58,14327083.0,54.21,Rural,Pre-COVID,2019,7,Jul,2019-07,5.176,-0.5960000000000001
Gujarat,2019-08-31,Monthly,3.7,13507342.0,50.57,Rural,Pre-COVID,2019,8,Aug,2019-08,5.176,-1.476
Gujarat,2019-09-30,Monthly,6.29,13280783.0,51.01,Rural,Pre-COVID,2019,9,Sep,2019-09,5.176,1.1139999999999999
Gujarat,2019-10-31,Monthly,4.91,13828512.0,52.27,Rural,Pre-COVID,2019,10,Oct,2019-10,5.176,-0.266
Gujarat,2019-11-30,Monthly,4.68,14487815.0,54.55,Rural,Pre-COVID,2019,11,Nov,2019-11,5.176,-0.49600000000000044
Gujarat,2019-12-31,Monthly,3.46,13877825.0,51.51,Rural,Pre-COVID,2019,12,Dec,2019-12,5.176,-1.7160000000000002
Gujarat,2020-01-31,Monthly,5.35,14301844.0,54.07,Rural,Pre-COVID,2020,1,Jan,2020-01,5.176,0.1739999999999995
Gujarat,2020-02-29,Monthly,6.64,13973042.0,53.48,Rural,Pre-COVID,2020,2,Feb,2020-02,5.176,1.4639999999999995
Gujarat,2020-03-31,Monthly,7.59,13483615.0,52.06,Rural,COVID,2020,3,Mar,2020-03,5.176,2.4139999999999997
Gujarat,2020-04-30,Monthly,12.0,8587594.0,34.77,Rural,COVID,2020,4,Apr,2020-04,5.176,6.824
Gujarat,2020-05-31,Monthly,14.58,11121124.0,46.31,Rural,COVID,2020,5,May,2020-05,5.176,9.404
Gujarat,2020-06-30,Monthly,1.41,13243922.0,47.72,Rural,COVID,2020,6,Jun,2020-06,5.176,-3.766
Gujarat,2019-05-31,Monthly,4.09,9686558.0,41.67,Urban,Pre-COVID,2019,5,May,2019-05,5.176,-1.0860000000000003
Gujarat,2019-06-30,Monthly,6.31,10144965.0,44.57,Urban,Pre-COVID,2019,6,Jun,2019-06,5.176,1.1339999999999995
Gujarat,2019-07-31,Monthly,5.15,9828023.0,42.54,Urban,Pre-COVID,2019,7,Jul,2019-07,5.176,-0.0259999999999998
Gujarat,2019-08-31,Monthly,4.2,10228154.0,43.72,Urban,Pre-COVID,2019,8,Aug,2019-08,5.176,-0.976
Gujarat,2019-09-30,Monthly,5.96,9609939.0,41.75,Urban,Pre-COVID,2019,9,Sep,2019-09,5.176,0.7839999999999998
Gujarat,2019-10-31,Monthly,5.45,10474217.0,45.14,Urban,Pre-COVID,2019,10,Oct,2019-10,5.176,0.274
Gujarat,2019-11-30,Monthly,7.53,9896129.0,43.5,Urban,Pre-COVID,2019,11,Nov,2019-11,5.176,2.354
Gujarat,2019-12-31,Monthly,5.71,10172812.0,43.75,Urban,Pre-COVID,2019,12,Dec,2019-12,5.176,0.5339999999999998
Gujarat,2020-01-31,Monthly,5.82,9824501.0,42.19,Urban,Pre-COVID,2020,1,Jan,2020-01,5.176,0.6440000000000001
Gujarat,2020-02-29,Monthly,6.04,10784753.0,46.31,Urban,Pre-COVID,2020,2,Feb,2020-02,5.176,0.8639999999999999
Gujarat,2020-03-31,Monthly,5.39,10083026.0,42.9,Urban,COVID,2020,3,Mar,2020-03,5.176,0.21399999999999952
Gujarat,2020-04-30,Monthly,25.94,6701284.0,36.33,Urban,COVID,2020,4,Apr,2020-04,5.176,20.764000000000003
Gujarat,2020-05-31,Monthly,11.62,6072776.0,27.52,Urban,COVID,2020,5,May,2020-05,5.176,6.443999999999999
Gujarat,2020-06-30,Monthly,4.54,10574711.0,44.26,Urban,COVID,2020,6,Jun,2020-06,5.176,-0.6360000000000001
Haryana,2019-05-31,Monthly,14.54,5249186.0,45.12,Rural,Pre-COVID,2019,5,May,2019-05,22.935499999999998,-8.395499999999998
Haryana,2019-06-30,Monthly,23.08,4745178.0,45.23,Rural,Pre-COVID,2019,6,Jun,2019-06,22.935499999999998,0.14450000000000074
Haryana,2019-07-31,Monthly,16.22,4826560.0,42.17,Rural,Pre-COVID,2019,7,Jul,2019-07,22.935499999999998,-6.715499999999999
Haryana,2019-08-31,Monthly,30.94,4558306.0,48.23,Rural,Pre-COVID,2019,8,Aug,2019-08,22.935499999999998,8.004500000000004
Haryana,2019-09-30,Monthly,16.36,5127956.0,44.72,Rural,Pre-COVID,2019,9,Sep,2019-09,22.935499999999998,-6.575499999999998
Haryana,2019-10-31,Monthly,24.17,4798833.0,46.07,Rural,Pre-COVID,2019,10,Oct,2019-10,22.935499999999998,1.2345000000000041
Haryana,2019-11-30,Monthly,16.59,4875763.0,42.48,Rural,Pre-COVID,2019,11,Nov,2019-11,22.935499999999998,-6.345499999999998
Haryana,2019-12-31,Monthly,29.56,4603484.0,47.4,Rural,Pre-COVID,2019,12,Dec,2019-12,22.935499999999998,6.624500000000001
Haryana,2020-01-31,Monthly,16.21,5062293.0,43.74,Rural,Pre-COVID,2020,1,Jan,2020-01,22.935499999999998,-6.725499999999997
Haryana,2020-02-29,Monthly,27.19,4570108.0,45.37,Rural,Pre-COVID,2020,2,Feb,2020-02,22.935499999999998,4.254500000000004
Haryana,2020-03-31,Monthly,23.92,4366148.0,41.4,Rural,COVID,2020,3,Mar,2020-03,22.935499999999998,0.9845000000000041
Haryana,2020-04-30,Monthly,41.61,4041050.0,49.85,Rural,COVID,2020,4,Apr,2020-04,22.935499999999998,18.674500000000002
Haryana,2020-05-31,Monthly,34.22,3914193.0,42.78,Rural,COVID,2020,5,May,2020-05,22.935499999999998,11.284500000000001
Haryana,2020-06-30,Monthly,35.57,4357835.0,48.53,Rural,COVID,2020,6,Jun,2020-06,22.935499999999998,12.634500000000003
Haryana,2019-05-31,Monthly,24.67,2693596.0,43.18,Urban,Pre-COVID,2019,5,May,2019-05,22.935499999999998,1.7345000000000041
Haryana,2019-06-30,Monthly,20.42,2845190.0,43.06,Urban,Pre-COVID,2019,6,Jun,2019-06,22.935499999999998,-2.515499999999996
Haryana,2019-07-31,Monthly,25.45,2405973.0,38.77,Urban,Pre-COVID,2019,7,Jul,2019-07,22.935499999999998,2.5145000000000017
Haryana,2019-08-31,Monthly,24.19,2523005.0,39.87,Urban,Pre-COVID,2019,8,Aug,2019-08,22.935499999999998,1.2545000000000037
Haryana,2019-09-30,Monthly,26.84,2675862.0,43.7,Urban,Pre-COVID,2019,9,Sep,2019-09,22.935499999999998,3.9045000000000023
Haryana,2019-10-31,Monthly,21.04,2821456.0,42.58,Urban,Pre-COVID,2019,10,Oct,2019-10,22.935499999999998,-1.8954999999999984
Haryana,2019-11-30,Monthly,27.06,2404239.0,39.18,Urban,Pre-COVID,2019,11,Nov,2019-11,22.935499999999998,4.124500000000001
Haryana,2019-12-31,Monthly,23.65,2548835.0,39.57,Urban,Pre-COVID,2019,12,Dec,2019-12,22.935499999999998,0.714500000000001
Haryana,2020-01-31,Monthly,27.24,2630938.0,42.75,Urban,Pre-COVID,2020,1,Jan,2020-01,22.935499999999998,4.304500000000001
Haryana,2020-02-29,Monthly,23.29,2752834.0,42.32,Urban,Pre-COVID,2020,2,Feb,2020-02,22.935499999999998,0.3545000000000016
Haryana,2020-03-31,Monthly,27.14,2275407.0,36.73,Urban,COVID,2020,3,Mar,2020-03,22.935499999999998,4.204500000000003
Haryana,2020-04-30,Monthly,46.89,1606580.0,35.48,Urban,COVID,2020,4,Apr,2020-04,22.935499999999998,23.954500000000003
Haryana,2020-05-31,Monthly,38.46,2013083.0,38.27,Urban,COVID,2020,5,May,2020-05,22.935499999999998,15.524500000000003
Haryana,2020-06-30,Monthly,29.41,2304138.0,38.09,Urban,COVID,2020,6,Jun,2020-06,22.935499999999998,6.474500000000003
Himachal Pradesh,2019-05-31,Monthly,13.68,2045760.0,44.23,Rural,Pre-COVID,2019,5,May,2019-05,19.128999999999998,-5.448999999999998
Himachal Pradesh,2019-06-30,Monthly,11.43,1957081.0,41.18,Rural,Pre-COVID,2019,6,Jun,2019-06,19.128999999999998,-7.698999999999998
Himachal Pradesh,2019-07-31,Monthly,20.59,1916824.0,44.91,Rural,Pre-COVID,2019,7,Jul,2019-07,19.128999999999998,1.461000000000002
Himachal Pradesh,2019-08-31,Monthly,18.56,1969248.0,44.91,Rural,Pre-COVID,2019,8,Aug,2019-08,19.128999999999998,-0.5689999999999991
Himachal Pradesh,2019-09-30,Monthly,15.98,2039804.0,45.02,Rural,Pre-COVID,2019,9,Sep,2019-09,19.128999999999998,-3.1489999999999974
Himachal Pradesh,2019-10-31,Monthly,15.81,1946957.0,42.81,Rural,Pre-COVID,2019,10,Oct,2019-10,19.128999999999998,-3.3189999999999973
Himachal Pradesh,2019-11-30,Monthly,22.86,2024409.0,48.5,Rural,Pre-COVID,2019,11,Nov,2019-11,19.128999999999998,3.7310000000000016
Himachal Pradesh,2019-12-31,Monthly,19.46,1922821.0,44.05,Rural,Pre-COVID,2019,12,Dec,2019-12,19.128999999999998,0.33100000000000307
Himachal Pradesh,2020-01-31,Monthly,16.67,2041035.0,45.11,Rural,Pre-COVID,2020,1,Jan,2020-01,19.128999999999998,-2.458999999999996
Himachal Pradesh,2020-02-29,Monthly,15.42,1952464.0,42.45,Rural,Pre-COVID,2020,2,Feb,2020-02,19.128999999999998,-3.708999999999998
Himachal Pradesh,2020-03-31,Monthly,17.71,1800426.0,40.17,Rural,COVID,2020,3,Mar,2020-03,19.128999999999998,-1.418999999999997
Himachal Pradesh,2020-04-30,Monthly,2.13,984171.0,18.43,Rural,COVID,2020,4,Apr,2020-04,19.128999999999998,-16.999
Himachal Pradesh,2020-05-31,Monthly,25.64,1732050.0,42.62,Rural,COVID,2020,5,May,2020-05,19.128999999999998,6.511000000000003
Himachal Pradesh,2020-06-30,Monthly,1.12,2230075.0,41.2,Rural,COVID,2020,6,Jun,2020-06,19.128999999999998,-18.008999999999997
Himachal Pradesh,2019-05-31,Monthly,10.88,245668.0,45.27,Urban,Pre-COVID,2019,5,May,2019-05,19.128999999999998,-8.248999999999997
Himachal Pradesh,2019-06-30,Monthly,21.43,237576.0,49.58,Urban,Pre-COVID,2019,6,Jun,2019-06,19.128999999999998,2.301000000000002
Himachal Pradesh,2019-07-31,Monthly,21.51,235894.0,49.22,Urban,Pre-COVID,2019,7,Jul,2019-07,19.128999999999998,2.381000000000004
Himachal Pradesh,2019-08-31,Monthly,24.48,236315.0,51.17,Urban,Pre-COVID,2019,8,Aug,2019-08,19.128999999999998,5.351000000000003
Himachal Pradesh,2019-09-30,Monthly,12.0,247210.0,45.87,Urban,Pre-COVID,2019,9,Sep,2019-09,19.128999999999998,-7.128999999999998
Himachal Pradesh,2019-10-31,Monthly,23.77,232322.0,49.69,Urban,Pre-COVID,2019,10,Oct,2019-10,19.128999999999998,4.641000000000002
Himachal Pradesh,2019-11-30,Monthly,27.27,233029.0,52.17,Urban,Pre-COVID,2019,11,Nov,2019-11,19.128999999999998,8.141000000000002
Himachal Pradesh,2019-12-31,Monthly,25.32,241366.0,52.55,Urban,Pre-COVID,2019,12,Dec,2019-12,19.128999999999998,6.1910000000000025
Himachal Pradesh,2020-01-31,Monthly,18.15,246596.0,48.92,Urban,Pre-COVID,2020,1,Jan,2020-01,19.128999999999998,-0.9789999999999992
Himachal Pradesh,2020-02-29,Monthly,27.31,227804.0,50.82,Urban,Pre-COVID,2020,2,Feb,2020-02,19.128999999999998,8.181000000000001
Himachal Pradesh,2020-03-31,Monthly,26.44,221432.0,48.74,Urban,COVID,2020,3,Mar,2020-03,19.128999999999998,7.3110000000000035
Himachal Pradesh,2020-04-30,Monthly,2.7,146957.0,24.42,Urban,COVID,2020,4,Apr,2020-04,19.128999999999998,-16.429
Himachal Pradesh,2020-05-31,Monthly,50.0,134868.0,43.55,Urban,COVID,2020,5,May,2020-05,19.128999999999998,30.871000000000002
Himachal Pradesh,2020-06-30,Monthly,10.81,224902.0,40.66,Urban,COVID,2020,6,Jun,2020-06,19.128999999999998,-8.318999999999997
Jammu & Kashmir,2019-05-31,Monthly,12.78,2495186.0,40.57,Rural,Pre-COVID,2019,5,May,2019-05,17.22,-4.4399999999999995
Jammu & Kashmir,2019-06-30,Monthly,12.09,2423742.0,39.02,Rural,Pre-COVID,2019,6,Jun,2019-06,17.22,-5.129999999999999
Jammu & Kashmir,2019-07-31,Monthly,13.67,2549316.0,41.71,Rural,Pre-COVID,2019,7,Jul,2019-07,17.22,-3.549999999999999
Jammu & Kashmir,2019-08-31,Monthly,11.32,2778624.0,44.17,Rural,Pre-COVID,2019,8,Aug,2019-08,17.22,-5.899999999999999
Jammu & Kashmir,2019-10-31,Monthly,19.27,2477621.0,43.08,Rural,Pre-COVID,2019,10,Oct,2019-10,17.22,2.0500000000000007
Jammu & Kashmir,2019-11-30,Monthly,14.73,2415724.0,39.69,Rural,Pre-COVID,2019,11,Nov,2019-11,17.22,-2.4899999999999984
Jammu & Kashmir,2020-01-31,Monthly,22.19,2373488.0,42.56,Rural,Pre-COVID,2020,1,Jan,2020-01,17.22,4.970000000000002
Jammu & Kashmir,2020-02-29,Monthly,21.23,2163397.0,38.25,Rural,Pre-COVID,2020,2,Feb,2020-02,17.22,4.010000000000002
Jammu & Kashmir,2020-03-31,Monthly,16.0,2361004.0,39.06,Rural,COVID,2020,3,Mar,2020-03,17.22,-1.2199999999999989
Jammu & Kashmir,2020-05-31,Monthly,2.22,2716966.0,38.46,Rural,COVID,2020,5,May,2020-05,17.22,-14.999999999999998
Jammu & Kashmir,2020-06-30,Monthly,18.97,2049617.0,34.94,Rural,COVID,2020,6,Jun,2020-06,17.22,1.75
Jammu & Kashmir,2019-05-31,Monthly,23.04,1130139.0,46.74,Urban,Pre-COVID,2019,5,May,2019-05,17.22,5.82
Jammu & Kashmir,2019-06-30,Monthly,19.88,1139815.0,45.17,Urban,Pre-COVID,2019,6,Jun,2019-06,17.22,2.66
Jammu & Kashmir,2019-07-31,Monthly,21.55,1183770.0,47.8,Urban,Pre-COVID,2019,7,Jul,2019-07,17.22,4.330000000000002
Jammu & Kashmir,2019-10-31,Monthly,24.06,1029087.0,42.63,Urban,Pre-COVID,2019,10,Oct,2019-10,17.22,6.84
Jammu & Kashmir,2019-11-30,Monthly,14.29,1226793.0,44.92,Urban,Pre-COVID,2019,11,Nov,2019-11,17.22,-2.9299999999999997
Jammu & Kashmir,2019-12-31,Monthly,7.02,1209085.0,40.71,Urban,Pre-COVID,2019,12,Dec,2019-12,17.22,-10.2
Jammu & Kashmir,2020-01-31,Monthly,18.54,1079537.0,41.4,Urban,Pre-COVID,2020,1,Jan,2020-01,17.22,1.3200000000000003
Jammu & Kashmir,2020-02-29,Monthly,19.86,1060116.0,41.23,Urban,Pre-COVID,2020,2,Feb,2020-02,17.22,2.6400000000000006
Jammu & Kashmir,2020-03-31,Monthly,14.29,998103.0,36.21,Urban,COVID,2020,3,Mar,2020-03,17.22,-2.9299999999999997
Jammu & Kashmir,2020-05-31,Monthly,12.96,937435.0,33.33,Urban,COVID,2020,5,May,2020-05,17.22,-4.259999999999998
Jharkhand,2019-05-31,Monthly,7.11,7035766.0,39.04,Rural,Pre-COVID,2019,5,May,2019-05,14.279500000000002,-7.169500000000002
Jharkhand,2019-06-30,Monthly,8.46,7319782.0,41.12,Rural,Pre-COVID,2019,6,Jun,2019-06,14.279500000000002,-5.8195000000000014
Jharkhand,2019-07-31,Monthly,9.98,6958404.0,39.66,Rural,Pre-COVID,2019,7,Jul,2019-07,14.279500000000002,-4.299500000000002
Jharkhand,2019-08-31,Monthly,12.06,7015356.0,40.83,Rural,Pre-COVID,2019,8,Aug,2019-08,14.279500000000002,-2.219500000000002
Jharkhand,2019-09-30,Monthly,7.12,7500122.0,41.24,Rural,Pre-COVID,2019,9,Sep,2019-09,14.279500000000002,-7.159500000000002
Jharkhand,2019-10-31,Monthly,6.57,7761243.0,42.33,Rural,Pre-COVID,2019,10,Oct,2019-10,14.279500000000002,-7.709500000000002
Jharkhand,2019-11-30,Monthly,8.07,7279628.0,40.26,Rural,Pre-COVID,2019,11,Nov,2019-11,14.279500000000002,-6.209500000000002
Jharkhand,2019-12-31,Monthly,15.15,6873437.0,41.09,Rural,Pre-COVID,2019,12,Dec,2019-12,14.279500000000002,0.870499999999998
Jharkhand,2020-01-31,Monthly,6.16,7868736.0,42.43,Rural,Pre-COVID,2020,1,Jan,2020-01,14.279500000000002,-8.119500000000002
Jharkhand,2020-02-29,Monthly,9.06,7932402.0,44.05,Rural,Pre-COVID,2020,2,Feb,2020-02,14.279500000000002,-5.219500000000002
Jharkhand,2020-03-31,Monthly,5.01,7157454.0,37.96,Rural,COVID,2020,3,Mar,2020-03,14.279500000000002,-9.269500000000003
Jharkhand,2020-04-30,Monthly,41.72,4280434.0,36.92,Rural,COVID,2020,4,Apr,2020-04,14.279500000000002,27.440499999999997
Jharkhand,2020-05-31,Monthly,55.1,3315038.0,37.03,Rural,COVID,2020,5,May,2020-05,14.279500000000002,40.820499999999996
Jharkhand,2020-06-30,Monthly,21.53,6375114.0,40.65,Rural,COVID,2020,6,Jun,2020-06,14.279500000000002,7.250499999999999
Jharkhand,2019-05-31,Monthly,17.23,2404033.0,43.25,Urban,Pre-COVID,2019,5,May,2019-05,14.279500000000002,2.950499999999998
Jharkhand,2019-06-30,Monthly,20.51,2326911.0,43.51,Urban,Pre-COVID,2019,6,Jun,2019-06,14.279500000000002,6.230499999999999
Jharkhand,2019-07-31,Monthly,15.67,2434579.0,42.82,Urban,Pre-COVID,2019,7,Jul,2019-07,14.279500000000002,1.3904999999999976
Jharkhand,2019-08-31,Monthly,20.25,2335406.0,43.35,Urban,Pre-COVID,2019,8,Aug,2019-08,14.279500000000002,5.970499999999998
Jharkhand,2019-09-30,Monthly,21.16,2357627.0,44.18,Urban,Pre-COVID,2019,9,Sep,2019-09,14.279500000000002,6.880499999999998
Jharkhand,2019-10-31,Monthly,19.05,2460196.0,44.82,Urban,Pre-COVID,2019,10,Oct,2019-10,14.279500000000002,4.770499999999998
Jharkhand,2019-11-30,Monthly,17.34,2424281.0,43.17,Urban,Pre-COVID,2019,11,Nov,2019-11,14.279500000000002,3.0604999999999976
Jharkhand,2019-12-31,Monthly,22.01,2290170.0,43.14,Urban,Pre-COVID,2019,12,Dec,2019-12,14.279500000000002,7.730499999999999
Jharkhand,2020-01-31,Monthly,22.96,2329293.0,44.33,Urban,Pre-COVID,2020,1,Jan,2020-01,14.279500000000002,8.680499999999999
Jharkhand,2020-02-29,Monthly,19.67,2493023.0,45.42,Urban,Pre-COVID,2020,2,Feb,2020-02,14.279500000000002,5.390499999999999
Jharkhand,2020-03-31,Monthly,16.4,2480661.0,43.34,Urban,COVID,2020,3,Mar,2020-03,14.279500000000002,2.1204999999999963
Jharkhand,2020-04-30,Monthly,61.48,1054829.0,39.92,Urban,COVID,2020,4,Apr,2020-04,14.279500000000002,47.20049999999999
Jharkhand,2020-05-31,Monthly,70.17,830347.0,40.49,Urban,COVID,2020,5,May,2020-05,14.279500000000002,55.8905
Jharkhand,2020-06-30,Monthly,19.38,2244460.0,40.43,Urban,COVID,2020,6,Jun,2020-06,14.279500000000002,5.100499999999997
Karnataka,2019-05-31,Monthly,5.46,13911440.0,46.36,Rural,Pre-COVID,2019,5,May,2019-05,3.2344999999999997,2.2255000000000003
Karnataka,2019-06-30,Monthly,5.98,12888490.0,43.12,Rural,Pre-COVID,2019,6,Jun,2019-06,3.2344999999999997,2.7455000000000007
Karnataka,2019-07-31,Monthly,0.52,12169808.0,38.42,Rural,Pre-COVID,2019,7,Jul,2019-07,3.2344999999999997,-2.7144999999999997
Karnataka,2019-08-31,Monthly,0.37,12686470.0,39.93,Rural,Pre-COVID,2019,8,Aug,2019-08,3.2344999999999997,-2.8644999999999996
Karnataka,2019-09-30,Monthly,3.2,13741892.0,44.45,Rural,Pre-COVID,2019,9,Sep,2019-09,3.2344999999999997,-0.03449999999999953
Karnataka,2019-10-31,Monthly,7.13,12803527.0,43.1,Rural,Pre-COVID,2019,10,Oct,2019-10,3.2344999999999997,3.8955
Karnataka,2019-11-30,Monthly,1.19,11537217.0,36.45,Rural,Pre-COVID,2019,11,Nov,2019-11,3.2344999999999997,-2.0444999999999998
Karnataka,2019-12-31,Monthly,0.41,12756132.0,39.92,Rural,Pre-COVID,2019,12,Dec,2019-12,3.2344999999999997,-2.8244999999999996
Karnataka,2020-01-31,Monthly,2.57,13938874.0,44.52,Rural,Pre-COVID,2020,1,Jan,2020-01,3.2344999999999997,-0.6644999999999999
Karnataka,2020-02-29,Monthly,4.11,12753657.0,41.33,Rural,Pre-COVID,2020,2,Feb,2020-02,3.2344999999999997,0.8755000000000006
Karnataka,2020-03-31,Monthly,2.39,12853818.0,40.85,Rural,COVID,2020,3,Mar,2020-03,3.2344999999999997,-0.8444999999999996
Karnataka,2020-04-30,Monthly,33.17,9330400.0,43.25,Rural,COVID,2020,4,Apr,2020-04,3.2344999999999997,29.9355
Karnataka,2020-05-31,Monthly,23.72,10626328.0,43.09,Rural,COVID,2020,5,May,2020-05,3.2344999999999997,20.4855
Karnataka,2020-06-30,Monthly,10.92,15396213.0,53.37,Rural,COVID,2020,6,Jun,2020-06,3.2344999999999997,7.6855
Karnataka,2019-05-31,Monthly,6.56,8638239.0,40.62,Urban,Pre-COVID,2019,5,May,2019-05,3.2344999999999997,3.3255
Karnataka,2019-06-30,Monthly,5.0,8862498.0,40.89,Urban,Pre-COVID,2019,6,Jun,2019-06,3.2344999999999997,1.7655000000000003
Karnataka,2019-07-31,Monthly,2.29,8738029.0,39.09,Urban,Pre-COVID,2019,7,Jul,2019-07,3.2344999999999997,-0.9444999999999997
Karnataka,2019-08-31,Monthly,1.27,8614340.0,38.04,Urban,Pre-COVID,2019,8,Aug,2019-08,3.2344999999999997,-1.9644999999999997
Karnataka,2019-09-30,Monthly,3.57,8647794.0,39.0,Urban,Pre-COVID,2019,9,Sep,2019-09,3.2344999999999997,0.33550000000000013
Karnataka,2019-10-31,Monthly,3.87,8799249.0,39.7,Urban,Pre-COVID,2019,10,Oct,2019-10,3.2344999999999997,0.6355000000000004
Karnataka,2019-11-30,Monthly,3.44,8613835.0,38.6,Urban,Pre-COVID,2019,11,Nov,2019-11,3.2344999999999997,0.20550000000000024
Karnataka,2019-12-31,Monthly,1.56,8592376.0,37.66,Urban,Pre-COVID,2019,12,Dec,2019-12,3.2344999999999997,-1.6744999999999997
Karnataka,2020-01-31,Monthly,3.31,8749154.0,38.94,Urban,Pre-COVID,2020,1,Jan,2020-01,3.2344999999999997,0.07550000000000034
Karnataka,2020-02-29,Monthly,2.88,8924061.0,39.45,Urban,Pre-COVID,2020,2,Feb,2020-02,3.2344999999999997,-0.3544999999999998
Karnataka,2020-03-31,Monthly,4.92,9225835.0,41.55,Urban,COVID,2020,3,Mar,2020-03,3.2344999999999997,1.6855000000000002
Karnataka,2020-04-30,Monthly,25.12,7387995.0,42.14,Urban,COVID,2020,4,Apr,2020-04,3.2344999999999997,21.8855
Karnataka,2020-05-31,Monthly,15.88,8669258.0,43.9,Urban,COVID,2020,5,May,2020-05,3.2344999999999997,12.645500000000002
Karnataka,2020-06-30,Monthly,6.12,8822411.0,39.93,Urban,COVID,2020,6,Jun,2020-06,3.2344999999999997,2.8855000000000004
Kerala,2019-05-31,Monthly,6.63,5184355.0,38.07,Rural,Pre-COVID,2019,5,May,2019-05,6.9925,-0.3624999999999998
Kerala,2019-06-30,Monthly,9.0,5605627.0,42.19,Rural,Pre-COVID,2019,6,Jun,2019-06,6.9925,2.0075000000000003
Kerala,2019-07-31,Monthly,4.95,4855393.0,34.96,Rural,Pre-COVID,2019,7,Jul,2019-07,6.9925,-2.0424999999999995
Kerala,2019-08-31,Monthly,10.32,5233449.0,39.9,Rural,Pre-COVID,2019,8,Aug,2019-08,6.9925,3.3275000000000006
Kerala,2019-09-30,Monthly,5.35,5400499.0,38.97,Rural,Pre-COVID,2019,9,Sep,2019-09,6.9925,-1.6425
Kerala,2019-10-31,Monthly,9.14,5328825.0,40.02,Rural,Pre-COVID,2019,10,Oct,2019-10,6.9925,2.147500000000001
Kerala,2019-11-30,Monthly,5.0,4557906.0,32.71,Rural,Pre-COVID,2019,11,Nov,2019-11,6.9925,-1.9924999999999997
Kerala,2019-12-31,Monthly,10.77,5065804.0,38.67,Rural,Pre-COVID,2019,12,Dec,2019-12,6.9925,3.7775
Kerala,2020-01-31,Monthly,4.11,5307026.0,37.66,Rural,Pre-COVID,2020,1,Jan,2020-01,6.9925,-2.8824999999999994
Kerala,2020-02-29,Monthly,8.91,5203579.0,38.84,Rural,Pre-COVID,2020,2,Feb,2020-02,6.9925,1.9175000000000004
Kerala,2020-03-31,Monthly,8.85,4141953.0,30.87,Rural,COVID,2020,3,Mar,2020-03,6.9925,1.8575
Kerala,2020-04-30,Monthly,10.71,1754170.0,13.33,Rural,COVID,2020,4,Apr,2020-04,6.9925,3.717500000000001
Kerala,2020-05-31,Monthly,23.38,3799919.0,33.62,Rural,COVID,2020,5,May,2020-05,6.9925,16.3875
Kerala,2020-06-30,Monthly,27.66,3952088.0,37.01,Rural,COVID,2020,6,Jun,2020-06,6.9925,20.6675
Kerala,2019-05-31,Monthly,6.11,4605913.0,36.65,Urban,Pre-COVID,2019,5,May,2019-05,6.9925,-0.8824999999999994
Kerala,2019-06-30,Monthly,6.67,4678374.0,37.42,Urban,Pre-COVID,2019,6,Jun,2019-06,6.9925,-0.3224999999999998
Kerala,2019-07-31,Monthly,7.58,4105211.0,33.13,Urban,Pre-COVID,2019,7,Jul,2019-07,6.9925,0.5875000000000004
Kerala,2019-08-31,Monthly,7.69,4448650.0,35.91,Urban,Pre-COVID,2019,8,Aug,2019-08,6.9925,0.6975000000000007
Kerala,2019-09-30,Monthly,5.52,4640642.0,36.57,Urban,Pre-COVID,2019,9,Sep,2019-09,6.9925,-1.4725000000000001
Kerala,2019-10-31,Monthly,5.35,4644510.0,36.49,Urban,Pre-COVID,2019,10,Oct,2019-10,6.9925,-1.6425
Kerala,2019-11-30,Monthly,6.71,4062767.0,32.36,Urban,Pre-COVID,2019,11,Nov,2019-11,6.9925,-0.28249999999999975
Kerala,2019-12-31,Monthly,7.31,4440283.0,35.56,Urban,Pre-COVID,2019,12,Dec,2019-12,6.9925,0.3174999999999999
Kerala,2020-01-31,Monthly,6.65,4597507.0,36.53,Urban,Pre-COVID,2020,1,Jan,2020-01,6.9925,-0.34249999999999936
Kerala,2020-02-29,Monthly,6.08,4624444.0,36.48,Urban,Pre-COVID,2020,2,Feb,2020-02,6.9925,-0.9124999999999996
Kerala,2020-03-31,Monthly,9.14,4079775.0,33.24,Urban,COVID,2020,3,Mar,2020-03,6.9925,2.147500000000001
Kerala,2020-04-30,Monthly,21.43,2179106.0,20.51,Urban,COVID,2020,4,Apr,2020-04,6.9925,14.4375
Kerala,2020-05-31,Monthly,30.28,2826118.0,29.95,Urban,COVID,2020,5,May,2020-05,6.9925,23.2875
Kerala,2020-06-30,Monthly,12.17,4601293.0,38.68,Urban,COVID,2020,6,Jun,2020-06,6.9925,5.1775
Madhya Pradesh,2019-05-31,Monthly,3.63,15349838.0,37.97,Rural,Pre-COVID,2019,5,May,2019-05,4.7410000000000005,-1.1110000000000007
Madhya Pradesh,2019-06-30,Monthly,4.25,16294794.0,40.48,Rural,Pre-COVID,2019,6,Jun,2019-06,4.7410000000000005,-0.49100000000000055
Madhya Pradesh,2019-07-31,Monthly,3.92,16274707.0,40.2,Rural,Pre-COVID,2019,7,Jul,2019-07,4.7410000000000005,-0.8210000000000006
Madhya Pradesh,2019-08-31,Monthly,4.94,16559137.0,41.25,Rural,Pre-COVID,2019,8,Aug,2019-08,4.7410000000000005,0.19899999999999984
Madhya Pradesh,2019-09-30,Monthly,3.08,16159315.0,39.4,Rural,Pre-COVID,2019,9,Sep,2019-09,4.7410000000000005,-1.6610000000000005
Madhya Pradesh,2019-10-31,Monthly,2.98,17060638.0,41.46,Rural,Pre-COVID,2019,10,Oct,2019-10,4.7410000000000005,-1.7610000000000006
Madhya Pradesh,2019-11-30,Monthly,2.72,16306428.0,39.44,Rural,Pre-COVID,2019,11,Nov,2019-11,4.7410000000000005,-2.0210000000000004
Madhya Pradesh,2019-12-31,Monthly,2.94,16854647.0,40.77,Rural,Pre-COVID,2019,12,Dec,2019-12,4.7410000000000005,-1.8010000000000006
Madhya Pradesh,2020-01-31,Monthly,3.66,16183702.0,39.35,Rural,Pre-COVID,2020,1,Jan,2020-01,4.7410000000000005,-1.0810000000000004
Madhya Pradesh,2020-02-29,Monthly,4.42,16178044.0,39.57,Rural,Pre-COVID,2020,2,Feb,2020-02,4.7410000000000005,-0.3210000000000006
Madhya Pradesh,2020-03-31,Monthly,1.19,16480441.0,38.9,Rural,COVID,2020,3,Mar,2020-03,4.7410000000000005,-3.5510000000000006
Madhya Pradesh,2020-04-30,Monthly,12.5,14238959.0,37.88,Rural,COVID,2020,4,Apr,2020-04,4.7410000000000005,7.7589999999999995
Madhya Pradesh,2020-05-31,Monthly,22.46,13099601.0,39.24,Rural,COVID,2020,5,May,2020-05,4.7410000000000005,17.719
Madhya Pradesh,2020-06-30,Monthly,6.46,16748971.0,41.5,Rural,COVID,2020,6,Jun,2020-06,4.7410000000000005,1.7189999999999994
Madhya Pradesh,2019-05-31,Monthly,3.91,6692720.0,38.96,Urban,Pre-COVID,2019,5,May,2019-05,4.7410000000000005,-0.8310000000000004
Madhya Pradesh,2019-06-30,Monthly,6.38,6509340.0,38.8,Urban,Pre-COVID,2019,6,Jun,2019-06,4.7410000000000005,1.6389999999999993
Madhya Pradesh,2019-07-31,Monthly,7.38,6266446.0,37.67,Urban,Pre-COVID,2019,7,Jul,2019-07,4.7410000000000005,2.6389999999999993
Madhya Pradesh,2019-08-31,Monthly,6.82,6809834.0,40.6,Urban,Pre-COVID,2019,8,Aug,2019-08,4.7410000000000005,2.0789999999999997
Madhya Pradesh,2019-09-30,Monthly,7.0,6655967.0,39.67,Urban,Pre-COVID,2019,9,Sep,2019-09,4.7410000000000005,2.2589999999999995
Madhya Pradesh,2019-10-31,Monthly,4.4,6603715.0,38.2,Urban,Pre-COVID,2019,10,Oct,2019-10,4.7410000000000005,-0.3410000000000002
Madhya Pradesh,2019-11-30,Monthly,6.06,6459457.0,37.94,Urban,Pre-COVID,2019,11,Nov,2019-11,4.7410000000000005,1.318999999999999
Madhya Pradesh,2019-12-31,Monthly,6.2,6787403.0,39.83,Urban,Pre-COVID,2019,12,Dec,2019-12,4.7410000000000005,1.4589999999999996
Madhya Pradesh,2020-01-31,Monthly,5.17,6834930.0,39.59,Urban,Pre-COVID,2020,1,Jan,2020-01,4.7410000000000005,0.4289999999999994
Madhya Pradesh,2020-02-29,Monthly,4.96,6533435.0,37.68,Urban,Pre-COVID,2020,2,Feb,2020-02,4.7410000000000005,0.21899999999999942
Madhya Pradesh,2020-03-31,Monthly,4.8,6386723.0,36.68,Urban,COVID,2020,3,Mar,2020-03,4.7410000000000005,0.058999999999999275
Madhya Pradesh,2020-04-30,Monthly,11.94,4802873.0,29.76,Urban,COVID,2020,4,Apr,2020-04,4.7410000000000005,7.198999999999999
Madhya Pradesh,2020-05-31,Monthly,40.49,3879934.0,35.49,Urban,COVID,2020,5,May,2020-05,4.7410000000000005,35.749
Madhya Pradesh,2020-06-30,Monthly,12.72,6221562.0,38.72,Urban,COVID,2020,6,Jun,2020-06,4.7410000000000005,7.979
Maharashtra,2019-05-31,Monthly,3.67,23896858.0,47.11,Rural,Pre-COVID,2019,5,May,2019-05,5.37,-1.7000000000000002
Maharashtra,2019-06-30,Monthly,4.34,23056511.0,45.69,Rural,Pre-COVID,2019,6,Jun,2019-06,5.37,-1.0300000000000002
Maharashtra,2019-07-31,Monthly,3.66,24843750.0,48.8,Rural,Pre-COVID,2019,7,Jul,2019-07,5.37,-1.71
Maharashtra,2019-08-31,Monthly,3.76,26835389.0,52.67,Rural,Pre-COVID,2019,8,Aug,2019-08,5.37,-1.6100000000000003
Maharashtra,2019-09-30,Monthly,4.4,25219281.0,49.74,Rural,Pre-COVID,2019,9,Sep,2019-09,5.37,-0.9699999999999998
Maharashtra,2019-10-31,Monthly,3.81,24330249.0,47.61,Rural,Pre-COVID,2019,10,Oct,2019-10,5.37,-1.56
Maharashtra,2019-11-30,Monthly,3.68,24881383.0,48.53,Rural,Pre-COVID,2019,11,Nov,2019-11,5.37,-1.69
Maharashtra,2019-12-31,Monthly,3.03,26357625.0,50.98,Rural,Pre-COVID,2019,12,Dec,2019-12,5.37,-2.3400000000000003
Maharashtra,2020-01-31,Monthly,3.8,25881398.0,50.36,Rural,Pre-COVID,2020,1,Jan,2020-01,5.37,-1.5700000000000003
Maharashtra,2020-02-29,Monthly,4.24,25293535.0,49.36,Rural,Pre-COVID,2020,2,Feb,2020-02,5.37,-1.13
Maharashtra,2020-03-31,Monthly,5.38,23130976.0,45.6,Rural,COVID,2020,3,Mar,2020-03,5.37,0.009999999999999787
Maharashtra,2020-04-30,Monthly,25.28,15014802.0,37.42,Rural,COVID,2020,4,Apr,2020-04,5.37,19.91
Maharashtra,2020-05-31,Monthly,16.89,18423447.0,41.21,Rural,COVID,2020,5,May,2020-05,5.37,11.52
Maharashtra,2020-06-30,Monthly,9.4,23601016.0,48.34,Rural,COVID,2020,6,Jun,2020-06,5.37,4.03
Maharashtra,2019-05-31,Monthly,6.08,16962574.0,38.3,Urban,Pre-COVID,2019,5,May,2019-05,5.37,0.71
Maharashtra,2019-06-30,Monthly,6.46,17375053.0,39.3,Urban,Pre-COVID,2019,6,Jun,2019-06,5.37,1.0899999999999999
Maharashtra,2019-07-31,Monthly,6.35,17215677.0,38.81,Urban,Pre-COVID,2019,7,Jul,2019-07,5.37,0.9799999999999995
Maharashtra,2019-08-31,Monthly,7.57,16602767.0,37.84,Urban,Pre-COVID,2019,8,Aug,2019-08,5.37,2.2
Maharashtra,2019-09-30,Monthly,7.6,17396398.0,39.58,Urban,Pre-COVID,2019,9,Sep,2019-09,5.37,2.2299999999999995
Maharashtra,2019-10-31,Monthly,7.51,17221991.0,39.05,Urban,Pre-COVID,2019,10,Oct,2019-10,5.37,2.1399999999999997
Maharashtra,2019-11-30,Monthly,7.6,17486683.0,39.61,Urban,Pre-COVID,2019,11,Nov,2019-11,5.37,2.2299999999999995
Maharashtra,2019-12-31,Monthly,7.83,16581144.0,37.57,Urban,Pre-COVID,2019,12,Dec,2019-12,5.37,2.46
Maharashtra,2020-01-31,Monthly,6.67,16715470.0,37.32,Urban,Pre-COVID,2020,1,Jan,2020-01,5.37,1.2999999999999998
Maharashtra,2020-02-29,Monthly,5.34,17122782.0,37.61,Urban,Pre-COVID,2020,2,Feb,2020-02,5.37,-0.03000000000000025
Maharashtra,2020-03-31,Monthly,6.34,17065830.0,37.8,Urban,COVID,2020,3,Mar,2020-03,5.37,0.9699999999999998
Maharashtra,2020-04-30,Monthly,14.99,12674451.0,30.86,Urban,COVID,2020,4,Apr,2020-04,5.37,9.620000000000001
Maharashtra,2020-05-31,Monthly,15.92,12365754.0,30.38,Urban,COVID,2020,5,May,2020-05,5.37,10.55
Maharashtra,2020-06-30,Monthly,10.01,16172690.0,37.04,Urban,COVID,2020,6,Jun,2020-06,5.37,4.64
Meghalaya,2019-05-31,Monthly,3.16,1119011.0,66.13,Rural,Pre-COVID,2019,5,May,2019-05,4.003,-0.843
Meghalaya,2019-06-30,Monthly,4.23,1024797.0,61.09,Rural,Pre-COVID,2019,6,Jun,2019-06,4.003,0.2270000000000003
Meghalaya,2019-07-31,Monthly,1.03,1158511.0,66.67,Rural,Pre-COVID,2019,7,Jul,2019-07,4.003,-2.973
Meghalaya,2019-08-31,Monthly,0.52,1065725.0,60.86,Rural,Pre-COVID,2019,8,Aug,2019-08,4.003,-3.483
Meghalaya,2019-09-30,Monthly,0.24,1162159.0,66.02,Rural,Pre-COVID,2019,9,Sep,2019-09,4.003,-3.763
Meghalaya,2019-10-31,Monthly,3.7,1080609.0,63.44,Rural,Pre-COVID,2019,10,Oct,2019-10,4.003,-0.30299999999999994
Meghalaya,2019-11-30,Monthly,1.5,1205703.0,69.03,Rural,Pre-COVID,2019,11,Nov,2019-11,4.003,-2.503
Meghalaya,2019-12-31,Monthly,1.8,1102997.0,63.18,Rural,Pre-COVID,2019,12,Dec,2019-12,4.003,-2.2030000000000003
Meghalaya,2020-01-31,Monthly,0.97,1229406.0,69.66,Rural,Pre-COVID,2020,1,Jan,2020-01,4.003,-3.0330000000000004
Meghalaya,2020-02-29,Monthly,2.76,1112864.0,64.06,Rural,Pre-COVID,2020,2,Feb,2020-02,4.003,-1.2430000000000003
Meghalaya,2020-03-31,Monthly,1.28,1192616.0,67.46,Rural,COVID,2020,3,Mar,2020-03,4.003,-2.723
Meghalaya,2020-04-30,Monthly,8.38,803118.0,48.83,Rural,COVID,2020,4,Apr,2020-04,4.003,4.377000000000001
Meghalaya,2020-05-31,Monthly,3.73,992148.0,57.26,Rural,COVID,2020,5,May,2020-05,4.003,-0.27300000000000013
Meghalaya,2020-06-30,Monthly,1.35,1150200.0,64.63,Rural,COVID,2020,6,Jun,2020-06,4.003,-2.653
Meghalaya,2019-05-31,Monthly,8.4,228978.0,47.79,Urban,Pre-COVID,2019,5,May,2019-05,4.003,4.397
Meghalaya,2019-06-30,Monthly,8.66,231252.0,48.29,Urban,Pre-COVID,2019,6,Jun,2019-06,4.003,4.657
Meghalaya,2019-07-31,Monthly,4.43,284015.0,56.55,Urban,Pre-COVID,2019,7,Jul,2019-07,4.003,0.4269999999999996
Meghalaya,2019-08-31,Monthly,5.8,259433.0,52.27,Urban,Pre-COVID,2019,8,Aug,2019-08,4.003,1.7969999999999997
Meghalaya,2019-09-30,Monthly,5.3,253887.0,50.77,Urban,Pre-COVID,2019,9,Sep,2019-09,4.003,1.2969999999999997
Meghalaya,2019-10-31,Monthly,7.2,234375.0,47.71,Urban,Pre-COVID,2019,10,Oct,2019-10,4.003,3.197
Meghalaya,2019-11-30,Monthly,3.02,293431.0,57.02,Urban,Pre-COVID,2019,11,Nov,2019-11,4.003,-0.9830000000000001
Meghalaya,2019-12-31,Monthly,5.21,267417.0,53.04,Urban,Pre-COVID,2019,12,Dec,2019-12,4.003,1.2069999999999999
Meghalaya,2020-01-31,Monthly,4.76,261687.0,51.53,Urban,Pre-COVID,2020,1,Jan,2020-01,4.003,0.7569999999999997
Meghalaya,2020-02-29,Monthly,7.37,233965.0,47.26,Urban,Pre-COVID,2020,2,Feb,2020-02,4.003,3.367
Meghalaya,2020-03-31,Monthly,2.8,289735.0,55.64,Urban,COVID,2020,3,Mar,2020-03,4.003,-1.2030000000000003
Meghalaya,2020-04-30,Monthly,17.39,161939.0,36.51,Urban,COVID,2020,4,Apr,2020-04,4.003,13.387
Meghalaya,2020-05-31,Monthly,14.58,222916.0,48.48,Urban,COVID,2020,5,May,2020-05,4.003,10.577
Odisha,2019-05-31,Monthly,4.17,11155753.0,40.47,Rural,Pre-COVID,2019,5,May,2019-05,3.4085,0.7614999999999998
Odisha,2019-06-30,Monthly,4.71,10965154.0,39.94,Rural,Pre-COVID,2019,6,Jun,2019-06,3.4085,1.3014999999999999
Odisha,2019-07-31,Monthly,3.31,12009883.0,43.05,Rural,Pre-COVID,2019,7,Jul,2019-07,3.4085,-0.09850000000000003
Odisha,2019-08-31,Monthly,3.68,11727659.0,42.13,Rural,Pre-COVID,2019,8,Aug,2019-08,3.4085,0.2715000000000001
Odisha,2019-09-30,Monthly,4.31,11167715.0,40.32,Rural,Pre-COVID,2019,9,Sep,2019-09,3.4085,0.9014999999999995
Odisha,2019-10-31,Monthly,4.28,11621534.0,41.88,Rural,Pre-COVID,2019,10,Oct,2019-10,3.4085,0.8715000000000002
Odisha,2019-11-30,Monthly,4.72,12192623.0,44.06,Rural,Pre-COVID,2019,11,Nov,2019-11,3.4085,1.3114999999999997
Odisha,2019-12-31,Monthly,4.67,11345069.0,40.91,Rural,Pre-COVID,2019,12,Dec,2019-12,3.4085,1.2614999999999998
Odisha,2020-01-31,Monthly,1.81,11182128.0,39.09,Rural,Pre-COVID,2020,1,Jan,2020-01,3.4085,-1.5985
Odisha,2020-02-29,Monthly,3.31,11842655.0,41.98,Rural,Pre-COVID,2020,2,Feb,2020-02,3.4085,-0.09850000000000003
Odisha,2020-03-31,Monthly,15.09,9814156.0,39.55,Rural,COVID,2020,3,Mar,2020-03,3.4085,11.6815
Odisha,2020-04-30,Monthly,24.48,5562449.0,25.16,Rural,COVID,2020,4,Apr,2020-04,3.4085,21.0715
Odisha,2020-05-31,Monthly,9.45,9683719.0,36.48,Rural,COVID,2020,5,May,2020-05,3.4085,6.041499999999999
Odisha,2020-06-30,Monthly,4.59,10187145.0,36.36,Rural,COVID,2020,6,Jun,2020-06,3.4085,1.1814999999999998
Odisha,2019-05-31,Monthly,2.95,2519582.0,41.26,Urban,Pre-COVID,2019,5,May,2019-05,3.4085,-0.4584999999999999
Odisha,2019-06-30,Monthly,2.63,2356290.0,38.39,Urban,Pre-COVID,2019,6,Jun,2019-06,3.4085,-0.7785000000000002
Odisha,2019-07-31,Monthly,1.78,2542237.0,40.99,Urban,Pre-COVID,2019,7,Jul,2019-07,3.4085,-1.6285
Odisha,2019-08-31,Monthly,3.5,2456983.0,40.25,Urban,Pre-COVID,2019,8,Aug,2019-08,3.4085,0.09149999999999991
Odisha,2019-09-30,Monthly,3.78,2570663.0,42.15,Urban,Pre-COVID,2019,9,Sep,2019-09,3.4085,0.3714999999999997
Odisha,2019-10-31,Monthly,4.5,2456855.0,40.51,Urban,Pre-COVID,2019,10,Oct,2019-10,3.4085,1.0915
Odisha,2019-11-30,Monthly,2.23,2594469.0,41.71,Urban,Pre-COVID,2019,11,Nov,2019-11,3.4085,-1.1785
Odisha,2019-12-31,Monthly,3.36,2369048.0,38.46,Urban,Pre-COVID,2019,12,Dec,2019-12,3.4085,-0.04850000000000021
Odisha,2020-01-31,Monthly,2.28,2561320.0,41.05,Urban,Pre-COVID,2020,1,Jan,2020-01,3.4085,-1.1285000000000003
Odisha,2020-02-29,Monthly,2.19,2438080.0,38.97,Urban,Pre-COVID,2020,2,Feb,2020-02,3.4085,-1.2185000000000001
Odisha,2020-03-31,Monthly,3.96,2457952.0,39.93,Urban,COVID,2020,3,Mar,2020-03,3.4085,0.5514999999999999
Odisha,2020-04-30,Monthly,20.5,1303244.0,25.53,Urban,COVID,2020,4,Apr,2020-04,3.4085,17.0915
Odisha,2020-05-31,Monthly,10.0,1975481.0,34.12,Urban,COVID,2020,5,May,2020-05,3.4085,6.5915
Odisha,2020-06-30,Monthly,2.18,2221069.0,35.24,Urban,COVID,2020,6,Jun,2020-06,3.4085,-1.2285
Puducherry,2019-05-31,Monthly,0.0,172474.0,43.08,Rural,Pre-COVID,2019,5,May,2019-05,1.593,-1.593
Puducherry,2019-06-30,Monthly,0.0,184527.0,45.95,Rural,Pre-COVID,2019,6,Jun,2019-06,1.593,-1.593
Puducherry,2019-07-31,Monthly,0.0,139227.0,34.56,Rural,Pre-COVID,2019,7,Jul,2019-07,1.593,-1.593
Puducherry,2019-08-31,Monthly,4.85,183930.0,47.83,Rural,Pre-COVID,2019,8,Aug,2019-08,1.593,3.2569999999999997
Puducherry,2019-09-30,Monthly,0.0,175718.0,43.34,Rural,Pre-COVID,2019,9,Sep,2019-09,1.593,-1.593
Puducherry,2019-10-31,Monthly,1.18,180283.0,44.85,Rural,Pre-COVID,2019,10,Oct,2019-10,1.593,-0.41300000000000003
Puducherry,2019-11-30,Monthly,0.0,142787.0,35.0,Rural,Pre-COVID,2019,11,Nov,2019-11,1.593,-1.593
Puducherry,2019-12-31,Monthly,1.99,180808.0,45.07,Rural,Pre-COVID,2019,12,Dec,2019-12,1.593,0.397
Puducherry,2020-01-31,Monthly,0.58,176252.0,43.18,Rural,Pre-COVID,2020,1,Jan,2020-01,1.593,-1.013
Puducherry,2020-02-29,Monthly,1.74,183619.0,45.38,Rural,Pre-COVID,2020,2,Feb,2020-02,1.593,0.14700000000000002
Puducherry,2020-03-31,Monthly,2.31,142176.0,35.23,Rural,COVID,2020,3,Mar,2020-03,1.593,0.7170000000000001
Puducherry,2020-04-30,Monthly,74.51,49420.0,46.79,Rural,COVID,2020,4,Apr,2020-04,1.593,72.917
Puducherry,2019-05-31,Monthly,1.25,283905.0,35.71,Urban,Pre-COVID,2019,5,May,2019-05,1.593,-0.34299999999999997
Puducherry,2019-06-30,Monthly,0.0,304369.0,37.73,Urban,Pre-COVID,2019,6,Jun,2019-06,1.593,-1.593
Puducherry,2019-07-31,Monthly,0.0,281117.0,34.77,Urban,Pre-COVID,2019,7,Jul,2019-07,1.593,-1.593
Puducherry,2019-08-31,Monthly,8.95,312882.0,42.41,Urban,Pre-COVID,2019,8,Aug,2019-08,1.593,7.356999999999999
Puducherry,2019-09-30,Monthly,1.22,286573.0,35.73,Urban,Pre-COVID,2019,9,Sep,2019-09,1.593,-0.373
Puducherry,2019-10-31,Monthly,1.17,312548.0,38.86,Urban,Pre-COVID,2019,10,Oct,2019-10,1.593,-0.42300000000000004
Puducherry,2019-11-30,Monthly,1.37,275003.0,34.19,Urban,Pre-COVID,2019,11,Nov,2019-11,1.593,-0.22299999999999986
Puducherry,2019-12-31,Monthly,5.21,313135.0,40.42,Urban,Pre-COVID,2019,12,Dec,2019-12,1.593,3.617
Puducherry,2020-01-31,Monthly,0.57,281698.0,34.59,Urban,Pre-COVID,2020,1,Jan,2020-01,1.593,-1.0230000000000001
Puducherry,2020-02-29,Monthly,1.78,310342.0,38.5,Urban,Pre-COVID,2020,2,Feb,2020-02,1.593,0.18700000000000006
Puducherry,2020-03-31,Monthly,0.62,278851.0,34.12,Urban,COVID,2020,3,Mar,2020-03,1.593,-0.973
Puducherry,2020-04-30,Monthly,76.74,68122.0,35.54,Urban,COVID,2020,4,Apr,2020-04,1.593,75.14699999999999
Puducherry,2020-05-31,Monthly,75.0,64538.0,31.25,Urban,COVID,2020,5,May,2020-05,1.593,73.407
Puducherry,2020-06-30,Monthly,4.55,234926.0,29.73,Urban,COVID,2020,6,Jun,2020-06,1.593,2.957
Punjab,2019-05-31,Monthly,9.17,6088547.0,44.79,Rural,Pre-COVID,2019,5,May,2019-05,10.994499999999999,-1.8244999999999987
Punjab,2019-06-30,Monthly,12.21,6025235.0,45.79,Rural,Pre-COVID,2019,6,Jun,2019-06,10.994499999999999,1.2155000000000022
Punjab,2019-07-31,Monthly,9.64,6308129.0,46.5,Rural,Pre-COVID,2019,7,Jul,2019-07,10.994499999999999,-1.354499999999998
Punjab,2019-08-31,Monthly,6.69,6183427.0,44.08,Rural,Pre-COVID,2019,8,Aug,2019-08,10.994499999999999,-4.304499999999998
Punjab,2019-09-30,Monthly,8.59,6260971.0,45.49,Rural,Pre-COVID,2019,9,Sep,2019-09,10.994499999999999,-2.4044999999999987
Punjab,2019-10-31,Monthly,12.56,6021921.0,45.66,Rural,Pre-COVID,2019,10,Oct,2019-10,10.994499999999999,1.565500000000002
Punjab,2019-11-30,Monthly,7.07,6395022.0,45.55,Rural,Pre-COVID,2019,11,Nov,2019-11,10.994499999999999,-3.9244999999999983
Punjab,2019-12-31,Monthly,6.13,6164215.0,43.4,Rural,Pre-COVID,2019,12,Dec,2019-12,10.994499999999999,-4.864499999999999
Punjab,2020-01-31,Monthly,9.69,6189471.0,45.22,Rural,Pre-COVID,2020,1,Jan,2020-01,10.994499999999999,-1.304499999999999
Punjab,2020-02-29,Monthly,10.41,6009820.0,44.19,Rural,Pre-COVID,2020,2,Feb,2020-02,10.994499999999999,-0.5844999999999985
Punjab,2020-03-31,Monthly,10.51,6373692.0,46.85,Rural,COVID,2020,3,Mar,2020-03,10.994499999999999,-0.4844999999999988
Punjab,2020-04-30,Monthly,3.69,4721590.0,32.2,Rural,COVID,2020,4,Apr,2020-04,10.994499999999999,-7.304499999999999
Punjab,2020-05-31,Monthly,40.59,3727366.0,41.14,Rural,COVID,2020,5,May,2020-05,10.994499999999999,29.595500000000005
Punjab,2020-06-30,Monthly,20.0,5364047.0,43.9,Rural,COVID,2020,6,Jun,2020-06,10.994499999999999,9.005500000000001
Punjab,2019-05-31,Monthly,13.49,3289918.0,40.03,Urban,Pre-COVID,2019,5,May,2019-05,10.994499999999999,2.4955000000000016
Punjab,2019-06-30,Monthly,13.17,3307798.0,40.02,Urban,Pre-COVID,2019,6,Jun,2019-06,10.994499999999999,2.1755000000000013
Punjab,2019-07-31,Monthly,11.61,3592442.0,42.62,Urban,Pre-COVID,2019,7,Jul,2019-07,10.994499999999999,0.6155000000000008
Punjab,2019-08-31,Monthly,11.99,3499863.0,41.61,Urban,Pre-COVID,2019,8,Aug,2019-08,10.994499999999999,0.9955000000000016
Punjab,2019-09-30,Monthly,15.69,3227178.0,39.97,Urban,Pre-COVID,2019,9,Sep,2019-09,10.994499999999999,4.695500000000001
Punjab,2019-10-31,Monthly,13.75,3070438.0,37.1,Urban,Pre-COVID,2019,10,Oct,2019-10,10.994499999999999,2.7555000000000014
Punjab,2019-11-30,Monthly,10.39,3602243.0,41.82,Urban,Pre-COVID,2019,11,Nov,2019-11,10.994499999999999,-0.604499999999998
Punjab,2019-12-31,Monthly,11.97,3575778.0,42.17,Urban,Pre-COVID,2019,12,Dec,2019-12,10.994499999999999,0.975500000000002
Punjab,2020-01-31,Monthly,13.68,3252622.0,39.04,Urban,Pre-COVID,2020,1,Jan,2020-01,10.994499999999999,2.685500000000001
Punjab,2020-02-29,Monthly,11.99,3219227.0,37.82,Urban,Pre-COVID,2020,2,Feb,2020-02,10.994499999999999,0.9955000000000016
Punjab,2020-03-31,Monthly,9.97,3601793.0,41.29,Urban,COVID,2020,3,Mar,2020-03,10.994499999999999,-1.024499999999998
Punjab,2020-04-30,Monthly,1.13,2298975.0,23.95,Urban,COVID,2020,4,Apr,2020-04,10.994499999999999,-9.8645
Punjab,2020-05-31,Monthly,20.54,2682658.0,34.71,Urban,COVID,2020,5,May,2020-05,10.994499999999999,9.5455
Punjab,2020-06-30,Monthly,10.55,3047750.0,34.96,Urban,COVID,2020,6,Jun,2020-06,10.994499999999999,-0.4444999999999979
Rajasthan,2019-05-31,Monthly,4.03,15226005.0,38.52,Rural,Pre-COVID,2019,5,May,2019-05,12.757,-8.727
Rajasthan,2019-06-30,Monthly,13.7,14610564.0,41.02,Rural,Pre-COVID,2019,6,Jun,2019-06,12.757,0.9429999999999996
Rajasthan,2019-07-31,Monthly,9.7,14859873.0,39.78,Rural,Pre-COVID,2019,7,Jul,2019-07,12.757,-3.0570000000000004
Rajasthan,2019-08-31,Monthly,12.5,15052051.0,41.48,Rural,Pre-COVID,2019,8,Aug,2019-08,12.757,-0.2569999999999997
Rajasthan,2019-09-30,Monthly,5.45,15419779.0,39.24,Rural,Pre-COVID,2019,9,Sep,2019-09,12.757,-7.3069999999999995
Rajasthan,2019-10-31,Monthly,14.66,15178544.0,42.69,Rural,Pre-COVID,2019,10,Oct,2019-10,12.757,1.9030000000000005
Rajasthan,2019-11-30,Monthly,10.47,15278556.0,40.87,Rural,Pre-COVID,2019,11,Nov,2019-11,12.757,-2.286999999999999
Rajasthan,2019-12-31,Monthly,13.96,15485307.0,43.0,Rural,Pre-COVID,2019,12,Dec,2019-12,12.757,1.2030000000000012
Rajasthan,2020-01-31,Monthly,8.0,15484353.0,40.12,Rural,Pre-COVID,2020,1,Jan,2020-01,12.757,-4.757
Rajasthan,2020-02-29,Monthly,14.48,15040572.0,41.83,Rural,Pre-COVID,2020,2,Feb,2020-02,12.757,1.7230000000000008
Rajasthan,2020-03-31,Monthly,9.47,15059769.0,39.47,Rural,COVID,2020,3,Mar,2020-03,12.757,-3.286999999999999
Rajasthan,2020-04-30,Monthly,12.25,13051219.0,35.21,Rural,COVID,2020,4,Apr,2020-04,12.757,-0.5069999999999997
Rajasthan,2020-05-31,Monthly,10.45,15586833.0,41.11,Rural,COVID,2020,5,May,2020-05,12.757,-2.3070000000000004
Rajasthan,2020-06-30,Monthly,13.86,16076978.0,43.98,Rural,COVID,2020,6,Jun,2020-06,12.757,1.1029999999999998
Rajasthan,2019-05-31,Monthly,13.62,5108436.0,39.44,Urban,Pre-COVID,2019,5,May,2019-05,12.757,0.8629999999999995
Rajasthan,2019-06-30,Monthly,14.36,5241174.0,40.73,Urban,Pre-COVID,2019,6,Jun,2019-06,12.757,1.6029999999999998
Rajasthan,2019-07-31,Monthly,11.67,5372470.0,40.38,Urban,Pre-COVID,2019,7,Jul,2019-07,12.757,-1.0869999999999997
Rajasthan,2019-08-31,Monthly,14.71,5195170.0,40.34,Urban,Pre-COVID,2019,8,Aug,2019-08,12.757,1.9530000000000012
Rajasthan,2019-09-30,Monthly,12.63,5176819.0,39.15,Urban,Pre-COVID,2019,9,Sep,2019-09,12.757,-0.1269999999999989
Rajasthan,2019-10-31,Monthly,13.02,5384335.0,40.8,Urban,Pre-COVID,2019,10,Oct,2019-10,12.757,0.2629999999999999
Rajasthan,2019-11-30,Monthly,14.3,5306715.0,40.73,Urban,Pre-COVID,2019,11,Nov,2019-11,12.757,1.543000000000001
Rajasthan,2019-12-31,Monthly,18.04,5109481.0,40.9,Urban,Pre-COVID,2019,12,Dec,2019-12,12.757,5.2829999999999995
Rajasthan,2020-01-31,Monthly,18.82,5157363.0,41.59,Urban,Pre-COVID,2020,1,Jan,2020-01,12.757,6.063000000000001
Rajasthan,2020-02-29,Monthly,17.02,5288343.0,41.62,Urban,Pre-COVID,2020,2,Feb,2020-02,12.757,4.263
Rajasthan,2020-03-31,Monthly,18.54,4964911.0,39.71,Urban,COVID,2020,3,Mar,2020-03,12.757,5.7829999999999995
Rajasthan,2020-04-30,Monthly,35.53,2932923.0,29.57,Urban,COVID,2020,4,Apr,2020-04,12.757,22.773000000000003
Rajasthan,2020-05-31,Monthly,25.35,4225486.0,36.71,Urban,COVID,2020,5,May,2020-05,12.757,12.593000000000002
Rajasthan,2020-06-30,Monthly,13.04,5275784.0,39.26,Urban,COVID,2020,6,Jun,2020-06,12.757,0.2829999999999995
Sikkim,2019-10-31,Monthly,5.48,146688.0,44.06,Rural,Pre-COVID,2019,10,Oct,2019-10,6.257272727272727,-0.7772727272727264
Sikkim,2019-11-30,Monthly,13.11,162426.0,53.04,Rural,Pre-COVID,2019,11,Nov,2019-11,6.257272727272727,6.852727272727273
Sikkim,2019-12-31,Monthly,1.0,161647.0,46.3,Rural,Pre-COVID,2019,12,Dec,2019-12,6.257272727272727,-5.257272727272727
Sikkim,2020-04-30,Monthly,0.0,133399.0,37.72,Rural,COVID,2020,4,Apr,2020-04,6.257272727272727,-6.257272727272727
Sikkim,2020-06-30,Monthly,5.81,141313.0,42.36,Rural,COVID,2020,6,Jun,2020-06,6.257272727272727,-0.44727272727272727
Sikkim,2019-05-31,Monthly,8.2,89587.0,48.61,Urban,Pre-COVID,2019,5,May,2019-05,6.257272727272727,1.9427272727272724
Sikkim,2019-06-30,Monthly,7.76,89702.0,48.13,Urban,Pre-COVID,2019,6,Jun,2019-06,6.257272727272727,1.502727272727273
Sikkim,2019-07-31,Monthly,2.56,108334.0,54.67,Urban,Pre-COVID,2019,7,Jul,2019-07,6.257272727272727,-3.697272727272727
Sikkim,2019-08-31,Monthly,4.82,90850.0,46.63,Urban,Pre-COVID,2019,8,Aug,2019-08,6.257272727272727,-1.4372727272727266
Sikkim,2019-09-30,Monthly,4.81,89450.0,45.61,Urban,Pre-COVID,2019,9,Sep,2019-09,6.257272727272727,-1.4472727272727273
Sikkim,2019-10-31,Monthly,9.68,87974.0,46.97,Urban,Pre-COVID,2019,10,Oct,2019-10,6.257272727272727,3.422727272727273
Sikkim,2019-11-30,Monthly,4.04,107751.0,53.8,Urban,Pre-COVID,2019,11,Nov,2019-11,6.257272727272727,-2.217272727272727
Sikkim,2019-12-31,Monthly,7.37,88035.0,45.24,Urban,Pre-COVID,2019,12,Dec,2019-12,6.257272727272727,1.1127272727272732
Sikkim,2020-03-31,Monthly,20.45,86186.0,50.57,Urban,COVID,2020,3,Mar,2020-03,6.257272727272727,14.192727272727272
Sikkim,2020-04-30,Monthly,5.77,81905.0,40.31,Urban,COVID,2020,4,Apr,2020-04,6.257272727272727,-0.4872727272727273
Sikkim,2020-05-31,Monthly,19.75,75456.0,43.32,Urban,COVID,2020,5,May,2020-05,6.257272727272727,13.492727272727272
Sikkim,2020-06-30,Monthly,2.63,76269.0,35.85,Urban,COVID,2020,6,Jun,2020-06,6.257272727272727,-3.627272727272727
Tamil Nadu,2019-05-31,Monthly,0.97,15844698.0,49.44,Rural,Pre-COVID,2019,5,May,2019-05,2.8365,-1.8665
Tamil Nadu,2019-06-30,Monthly,0.92,16375303.0,50.99,Rural,Pre-COVID,2019,6,Jun,2019-06,2.8365,-1.9165
Tamil Nadu,2019-07-31,Monthly,6.01,16455928.0,53.94,Rural,Pre-COVID,2019,7,Jul,2019-07,2.8365,3.1734999999999998
Tamil Nadu,2019-08-31,Monthly,2.91,16463931.0,52.17,Rural,Pre-COVID,2019,8,Aug,2019-08,2.8365,0.07350000000000012
Tamil Nadu,2019-09-30,Monthly,1.71,14595441.0,45.62,Rural,Pre-COVID,2019,9,Sep,2019-09,2.8365,-1.1265
Tamil Nadu,2019-10-31,Monthly,1.46,15595647.0,48.55,Rural,Pre-COVID,2019,10,Oct,2019-10,2.8365,-1.3765
Tamil Nadu,2019-11-30,Monthly,2.46,16223430.0,50.95,Rural,Pre-COVID,2019,11,Nov,2019-11,2.8365,-0.37650000000000006
Tamil Nadu,2019-12-31,Monthly,3.73,15356938.0,48.8,Rural,Pre-COVID,2019,12,Dec,2019-12,2.8365,0.8935
Tamil Nadu,2020-01-31,Monthly,1.18,14954646.0,46.23,Rural,Pre-COVID,2020,1,Jan,2020-01,2.8365,-1.6565
Tamil Nadu,2020-02-29,Monthly,1.17,15828488.0,48.86,Rural,Pre-COVID,2020,2,Feb,2020-02,2.8365,-1.6665
Tamil Nadu,2020-03-31,Monthly,6.36,15848590.0,51.56,Rural,COVID,2020,3,Mar,2020-03,2.8365,3.5235000000000003
Tamil Nadu,2020-04-30,Monthly,53.19,5086200.0,33.05,Rural,COVID,2020,4,Apr,2020-04,2.8365,50.3535
Tamil Nadu,2020-05-31,Monthly,38.73,5768342.0,28.6,Rural,COVID,2020,5,May,2020-05,2.8365,35.893499999999996
Tamil Nadu,2020-06-30,Monthly,2.06,10169115.0,31.49,Rural,COVID,2020,6,Jun,2020-06,2.8365,-0.7765
Tamil Nadu,2019-05-31,Monthly,0.89,11798080.0,37.31,Urban,Pre-COVID,2019,5,May,2019-05,2.8365,-1.9465
Tamil Nadu,2019-06-30,Monthly,1.56,12318745.0,39.16,Urban,Pre-COVID,2019,6,Jun,2019-06,2.8365,-1.2765
Tamil Nadu,2019-07-31,Monthly,3.18,12054414.0,38.89,Urban,Pre-COVID,2019,7,Jul,2019-07,2.8365,0.34350000000000014
Tamil Nadu,2019-08-31,Monthly,9.53,11933093.0,41.13,Urban,Pre-COVID,2019,8,Aug,2019-08,2.8365,6.693499999999999
Tamil Nadu,2019-09-30,Monthly,1.86,11902824.0,37.76,Urban,Pre-COVID,2019,9,Sep,2019-09,2.8365,-0.9764999999999999
Tamil Nadu,2019-10-31,Monthly,1.13,12223948.0,38.42,Urban,Pre-COVID,2019,10,Oct,2019-10,2.8365,-1.7065000000000001
Tamil Nadu,2019-11-30,Monthly,2.65,11729952.0,37.38,Urban,Pre-COVID,2019,11,Nov,2019-11,2.8365,-0.1865000000000001
Tamil Nadu,2019-12-31,Monthly,8.05,12260389.0,41.29,Urban,Pre-COVID,2019,12,Dec,2019-12,2.8365,5.213500000000001
Tamil Nadu,2020-01-31,Monthly,2.05,11926995.0,37.64,Urban,Pre-COVID,2020,1,Jan,2020-01,2.8365,-0.7865000000000002
Tamil Nadu,2020-02-29,Monthly,3.31,11742101.0,37.48,Urban,Pre-COVID,2020,2,Feb,2020-02,2.8365,0.47350000000000003
Tamil Nadu,2020-03-31,Monthly,6.46,10982178.0,36.17,Urban,COVID,2020,3,Mar,2020-03,2.8365,3.6235
Tamil Nadu,2020-04-30,Monthly,45.55,4632967.0,26.17,Urban,COVID,2020,4,Apr,2020-04,2.8365,42.713499999999996
Tamil Nadu,2020-05-31,Monthly,25.95,5733921.0,23.77,Urban,COVID,2020,5,May,2020-05,2.8365,23.1135
Tamil Nadu,2020-06-30,Monthly,24.93,7741005.0,31.6,Urban,COVID,2020,6,Jun,2020-06,2.8365,22.0935
Telangana,2019-05-31,Monthly,2.23,11053353.0,61.74,Rural,Pre-COVID,2019,5,May,2019-05,4.656000000000001,-2.4260000000000006
Telangana,2019-06-30,Monthly,5.92,10728822.0,62.19,Rural,Pre-COVID,2019,6,Jun,2019-06,4.656000000000001,1.2639999999999993
Telangana,2019-07-31,Monthly,2.45,11538688.0,64.4,Rural,Pre-COVID,2019,7,Jul,2019-07,4.656000000000001,-2.2060000000000004
Telangana,2019-08-31,Monthly,1.4,10743959.0,59.23,Rural,Pre-COVID,2019,8,Aug,2019-08,4.656000000000001,-3.2560000000000007
Telangana,2019-09-30,Monthly,5.49,12636415.0,72.57,Rural,Pre-COVID,2019,9,Sep,2019-09,4.656000000000001,0.8339999999999996
Telangana,2019-10-31,Monthly,7.29,11375354.0,66.49,Rural,Pre-COVID,2019,10,Oct,2019-10,4.656000000000001,2.6339999999999995
Telangana,2019-11-30,Monthly,6.47,11265828.0,65.17,Rural,Pre-COVID,2019,11,Nov,2019-11,4.656000000000001,1.8139999999999992
Telangana,2019-12-31,Monthly,1.35,11068056.0,60.61,Rural,Pre-COVID,2019,12,Dec,2019-12,4.656000000000001,-3.3060000000000005
Telangana,2020-01-31,Monthly,5.02,12065915.0,68.51,Rural,Pre-COVID,2020,1,Jan,2020-01,4.656000000000001,0.363999999999999
Telangana,2020-02-29,Monthly,9.02,11304474.0,66.92,Rural,Pre-COVID,2020,2,Feb,2020-02,4.656000000000001,4.363999999999999
Telangana,2020-03-31,Monthly,5.63,12028377.0,68.53,Rural,COVID,2020,3,Mar,2020-03,4.656000000000001,0.9739999999999993
Telangana,2020-04-30,Monthly,4.51,8793799.0,49.44,Rural,COVID,2020,4,Apr,2020-04,4.656000000000001,-0.1460000000000008
Telangana,2020-05-31,Monthly,34.01,7508747.0,61.0,Rural,COVID,2020,5,May,2020-05,4.656000000000001,29.354
Telangana,2020-06-30,Monthly,19.3,8891181.0,58.97,Rural,COVID,2020,6,Jun,2020-06,4.656000000000001,14.644
Telangana,2019-05-31,Monthly,1.52,5560649.0,44.59,Urban,Pre-COVID,2019,5,May,2019-05,4.656000000000001,-3.1360000000000006
Telangana,2019-06-30,Monthly,1.43,5683349.0,45.43,Urban,Pre-COVID,2019,6,Jun,2019-06,4.656000000000001,-3.226000000000001
Telangana,2019-07-31,Monthly,3.73,5432503.0,44.36,Urban,Pre-COVID,2019,7,Jul,2019-07,4.656000000000001,-0.9260000000000006
Telangana,2019-08-31,Monthly,4.19,5544693.0,45.39,Urban,Pre-COVID,2019,8,Aug,2019-08,4.656000000000001,-0.4660000000000002
Telangana,2019-09-30,Monthly,6.19,5668785.0,47.28,Urban,Pre-COVID,2019,9,Sep,2019-09,4.656000000000001,1.5339999999999998
Telangana,2019-10-31,Monthly,6.74,5318341.0,44.51,Urban,Pre-COVID,2019,10,Oct,2019-10,4.656000000000001,2.0839999999999996
Telangana,2019-11-30,Monthly,5.23,5338119.0,43.87,Urban,Pre-COVID,2019,11,Nov,2019-11,4.656000000000001,0.5739999999999998
Telangana,2019-12-31,Monthly,4.22,5317782.0,43.13,Urban,Pre-COVID,2019,12,Dec,2019-12,4.656000000000001,-0.43600000000000083
Telangana,2020-01-31,Monthly,6.49,5543380.0,45.95,Urban,Pre-COVID,2020,1,Jan,2020-01,4.656000000000001,1.8339999999999996
Telangana,2020-02-29,Monthly,6.74,5521496.0,45.78,Urban,Pre-COVID,2020,2,Feb,2020-02,4.656000000000001,2.0839999999999996
Telangana,2020-03-31,Monthly,6.1,5313236.0,43.65,Urban,COVID,2020,3,Mar,2020-03,4.656000000000001,1.443999999999999
Telangana,2020-04-30,Monthly,10.5,3378431.0,29.05,Urban,COVID,2020,4,Apr,2020-04,4.656000000000001,5.843999999999999
Telangana,2020-05-31,Monthly,36.57,3108830.0,37.63,Urban,COVID,2020,5,May,2020-05,4.656000000000001,31.914
Telangana,2020-06-30,Monthly,6.92,4577995.0,37.68,Urban,COVID,2020,6,Jun,2020-06,4.656000000000001,2.2639999999999993
Tripura,2019-05-31,Monthly,29.25,1019549.0,64.47,Rural,Pre-COVID,2019,5,May,2019-05,29.009500000000003,0.24049999999999727
Tripura,2019-06-30,Monthly,26.64,1107013.0,67.4,Rural,Pre-COVID,2019,6,Jun,2019-06,29.009500000000003,-2.369500000000002
Tripura,2019-07-31,Monthly,22.47,1052597.0,60.54,Rural,Pre-COVID,2019,7,Jul,2019-07,29.009500000000003,-6.539500000000004
Tripura,2019-08-31,Monthly,25.49,975501.0,58.29,Rural,Pre-COVID,2019,8,Aug,2019-08,29.009500000000003,-3.5195000000000043
Tripura,2019-09-30,Monthly,30.23,1034408.0,65.9,Rural,Pre-COVID,2019,9,Sep,2019-09,29.009500000000003,1.2204999999999977
Tripura,2019-10-31,Monthly,27.54,1113764.0,68.21,Rural,Pre-COVID,2019,10,Oct,2019-10,29.009500000000003,-1.4695000000000036
Tripura,2019-11-30,Monthly,25.25,1084633.0,64.29,Rural,Pre-COVID,2019,11,Nov,2019-11,29.009500000000003,-3.7595000000000027
Tripura,2019-12-31,Monthly,26.53,1046878.0,63.02,Rural,Pre-COVID,2019,12,Dec,2019-12,29.009500000000003,-2.4795000000000016
Tripura,2020-01-31,Monthly,31.91,1057975.0,68.61,Rural,Pre-COVID,2020,1,Jan,2020-01,29.009500000000003,2.9004999999999974
Tripura,2020-02-29,Monthly,26.22,1169347.0,69.88,Rural,Pre-COVID,2020,2,Feb,2020-02,29.009500000000003,-2.789500000000004
Tripura,2020-03-31,Monthly,31.61,1060946.0,68.28,Rural,COVID,2020,3,Mar,2020-03,29.009500000000003,2.6004999999999967
Tripura,2020-04-30,Monthly,43.64,675083.0,52.63,Rural,COVID,2020,4,Apr,2020-04,29.009500000000003,14.630499999999998
Tripura,2020-05-31,Monthly,14.71,911789.0,46.9,Rural,COVID,2020,5,May,2020-05,29.009500000000003,-14.299500000000002
Tripura,2020-06-30,Monthly,18.84,1106978.0,59.74,Rural,COVID,2020,6,Jun,2020-06,29.009500000000003,-10.169500000000003
Tripura,2019-05-31,Monthly,34.69,423127.0,69.5,Urban,Pre-COVID,2019,5,May,2019-05,29.009500000000003,5.680499999999995
Tripura,2019-06-30,Monthly,25.59,408738.0,58.8,Urban,Pre-COVID,2019,6,Jun,2019-06,29.009500000000003,-3.419500000000003
Tripura,2019-07-31,Monthly,25.81,410583.0,59.1,Urban,Pre-COVID,2019,7,Jul,2019-07,29.009500000000003,-3.199500000000004
Tripura,2019-08-31,Monthly,33.45,368977.0,59.07,Urban,Pre-COVID,2019,8,Aug,2019-08,29.009500000000003,4.4405
Tripura,2019-09-30,Monthly,33.57,418043.0,66.9,Urban,Pre-COVID,2019,9,Sep,2019-09,29.009500000000003,4.5604999999999976
Tripura,2019-10-31,Monthly,26.67,414808.0,60.0,Urban,Pre-COVID,2019,10,Oct,2019-10,29.009500000000003,-2.339500000000001
Tripura,2019-11-30,Monthly,27.15,427700.0,62.14,Urban,Pre-COVID,2019,11,Nov,2019-11,29.009500000000003,-1.8595000000000041
Tripura,2019-12-31,Monthly,33.48,399427.0,63.41,Urban,Pre-COVID,2019,12,Dec,2019-12,29.009500000000003,4.470499999999994
Tripura,2020-01-31,Monthly,34.37,450155.0,72.26,Urban,Pre-COVID,2020,1,Jan,2020-01,29.009500000000003,5.360499999999995
Tripura,2020-02-29,Monthly,33.88,415339.0,66.04,Urban,Pre-COVID,2020,2,Feb,2020-02,29.009500000000003,4.8705
Tripura,2020-03-31,Monthly,25.69,450271.0,63.56,Urban,COVID,2020,3,Mar,2020-03,29.009500000000003,-3.3195000000000014
Tripura,2020-04-30,Monthly,34.88,296431.0,47.65,Urban,COVID,2020,4,Apr,2020-04,29.009500000000003,5.8705
Tripura,2020-05-31,Monthly,16.78,384999.0,48.31,Urban,COVID,2020,5,May,2020-05,29.009500000000003,-12.229500000000002
Tripura,2020-06-30,Monthly,27.47,391015.0,56.17,Urban,COVID,2020,6,Jun,2020-06,29.009500000000003,-1.5395000000000039
Uttar Pradesh,2019-05-31,Monthly,10.26,43287808.0,39.96,Rural,Pre-COVID,2019,5,May,2019-05,10.619,-0.359
Uttar Pradesh,2019-06-30,Monthly,11.13,42276572.0,39.32,Rural,Pre-COVID,2019,6,Jun,2019-06,10.619,0.511000000000001
Uttar Pradesh,2019-07-31,Monthly,9.19,42697000.0,38.78,Rural,Pre-COVID,2019,7,Jul,2019-07,10.619,-1.4290000000000003
Uttar Pradesh,2019-08-31,Monthly,11.47,43298746.0,40.24,Rural,Pre-COVID,2019,8,Aug,2019-08,10.619,0.8510000000000009
Uttar Pradesh,2019-09-30,Monthly,6.45,44198762.0,38.79,Rural,Pre-COVID,2019,9,Sep,2019-09,10.619,-4.169
Uttar Pradesh,2019-10-31,Monthly,10.18,42833265.0,39.07,Rural,Pre-COVID,2019,10,Oct,2019-10,10.619,-0.43900000000000006
Uttar Pradesh,2019-11-30,Monthly,6.94,43261530.0,38.01,Rural,Pre-COVID,2019,11,Nov,2019-11,10.619,-3.6789999999999994
Uttar Pradesh,2019-12-31,Monthly,8.43,44640087.0,39.77,Rural,Pre-COVID,2019,12,Dec,2019-12,10.619,-2.189
Uttar Pradesh,2020-01-31,Monthly,6.06,45777509.0,39.67,Rural,Pre-COVID,2020,1,Jan,2020-01,10.619,-4.559
Uttar Pradesh,2020-02-29,Monthly,8.12,44257432.0,39.13,Rural,Pre-COVID,2020,2,Feb,2020-02,10.619,-2.4990000000000006
Uttar Pradesh,2020-03-31,Monthly,9.37,43086706.0,38.53,Rural,COVID,2020,3,Mar,2020-03,10.619,-1.2490000000000006
Uttar Pradesh,2020-04-30,Monthly,19.92,39970677.0,40.37,Rural,COVID,2020,4,Apr,2020-04,10.619,9.301000000000002
Uttar Pradesh,2020-05-31,Monthly,16.89,38640999.0,37.52,Rural,COVID,2020,5,May,2020-05,10.619,6.271000000000001
Uttar Pradesh,2020-06-30,Monthly,8.51,41908909.0,36.89,Rural,COVID,2020,6,Jun,2020-06,10.619,-2.109
Uttar Pradesh,2019-05-31,Monthly,14.4,13391244.0,40.43,Urban,Pre-COVID,2019,5,May,2019-05,10.619,3.7810000000000006
Uttar Pradesh,2019-06-30,Monthly,11.62,13624452.0,39.75,Urban,Pre-COVID,2019,6,Jun,2019-06,10.619,1.0009999999999994
Uttar Pradesh,2019-07-31,Monthly,11.8,13862431.0,40.43,Urban,Pre-COVID,2019,7,Jul,2019-07,10.619,1.181000000000001
Uttar Pradesh,2019-08-31,Monthly,14.73,13580241.0,40.87,Urban,Pre-COVID,2019,8,Aug,2019-08,10.619,4.111000000000001
Uttar Pradesh,2019-09-30,Monthly,13.58,13522970.0,40.07,Urban,Pre-COVID,2019,9,Sep,2019-09,10.619,2.9610000000000003
Uttar Pradesh,2019-10-31,Monthly,10.35,13938303.0,39.71,Urban,Pre-COVID,2019,10,Oct,2019-10,10.619,-0.26900000000000013
Uttar Pradesh,2019-11-30,Monthly,11.31,14128888.0,40.6,Urban,Pre-COVID,2019,11,Nov,2019-11,10.619,0.6910000000000007
Uttar Pradesh,2019-12-31,Monthly,12.37,13857200.0,40.21,Urban,Pre-COVID,2019,12,Dec,2019-12,10.619,1.7509999999999994
Uttar Pradesh,2020-01-31,Monthly,12.34,13656250.0,39.52,Urban,Pre-COVID,2020,1,Jan,2020-01,10.619,1.721
Uttar Pradesh,2020-02-29,Monthly,11.65,13803099.0,39.54,Urban,Pre-COVID,2020,2,Feb,2020-02,10.619,1.0310000000000006
Uttar Pradesh,2020-03-31,Monthly,12.32,13889632.0,40.0,Urban,COVID,2020,3,Mar,2020-03,10.619,1.7010000000000005
Uttar Pradesh,2020-04-30,Monthly,26.94,10944379.0,37.74,Urban,COVID,2020,4,Apr,2020-04,10.619,16.321
Uttar Pradesh,2020-05-31,Monthly,32.06,11111486.0,41.1,Urban,COVID,2020,5,May,2020-05,10.619,21.441000000000003
Uttar Pradesh,2020-06-30,Monthly,13.05,13208724.0,38.09,Urban,COVID,2020,6,Jun,2020-06,10.619,2.431000000000001
Uttarakhand,2019-05-31,Monthly,1.63,2108044.0,37.47,Rural,Pre-COVID,2019,5,May,2019-05,5.8015,-4.1715
Uttarakhand,2019-06-30,Monthly,4.65,2021553.0,37.01,Rural,Pre-COVID,2019,6,Jun,2019-06,5.8015,-1.1514999999999995
Uttarakhand,2019-07-31,Monthly,5.74,2000524.0,36.97,Rural,Pre-COVID,2019,7,Jul,2019-07,5.8015,-0.061499999999999666
Uttarakhand,2019-08-31,Monthly,6.11,1911380.0,35.39,Rural,Pre-COVID,2019,8,Aug,2019-08,5.8015,0.30850000000000044
Uttarakhand,2019-09-30,Monthly,3.47,2157845.0,38.79,Rural,Pre-COVID,2019,9,Sep,2019-09,5.8015,-2.3314999999999997
Uttarakhand,2019-10-31,Monthly,4.83,2027662.0,36.9,Rural,Pre-COVID,2019,10,Oct,2019-10,5.8015,-0.9714999999999998
Uttarakhand,2019-11-30,Monthly,5.56,2007113.0,36.73,Rural,Pre-COVID,2019,11,Nov,2019-11,5.8015,-0.24150000000000027
Uttarakhand,2019-12-31,Monthly,4.52,1947566.0,35.19,Rural,Pre-COVID,2019,12,Dec,2019-12,5.8015,-1.2815000000000003
Uttarakhand,2020-01-31,Monthly,4.17,1986386.0,35.69,Rural,Pre-COVID,2020,1,Jan,2020-01,5.8015,-1.6315
Uttarakhand,2020-02-29,Monthly,4.85,2057523.0,37.16,Rural,Pre-COVID,2020,2,Feb,2020-02,5.8015,-0.9515000000000002
Uttarakhand,2020-04-30,Monthly,3.66,1972074.0,35.04,Rural,COVID,2020,4,Apr,2020-04,5.8015,-2.1414999999999997
Uttarakhand,2020-05-31,Monthly,3.57,1915482.0,33.94,Rural,COVID,2020,5,May,2020-05,5.8015,-2.2315
Uttarakhand,2020-06-30,Monthly,10.71,1675441.0,32.0,Rural,COVID,2020,6,Jun,2020-06,5.8015,4.908500000000001
Uttarakhand,2019-05-31,Monthly,9.17,676797.0,26.33,Urban,Pre-COVID,2019,5,May,2019-05,5.8015,3.3685
Uttarakhand,2019-06-30,Monthly,4.69,906889.0,33.54,Urban,Pre-COVID,2019,6,Jun,2019-06,5.8015,-1.1114999999999995
Uttarakhand,2019-07-31,Monthly,6.94,859900.0,32.48,Urban,Pre-COVID,2019,7,Jul,2019-07,5.8015,1.1385000000000005
Uttarakhand,2019-08-31,Monthly,7.43,823967.0,31.21,Urban,Pre-COVID,2019,8,Aug,2019-08,5.8015,1.6284999999999998
Uttarakhand,2019-09-30,Monthly,9.62,711150.0,27.51,Urban,Pre-COVID,2019,9,Sep,2019-09,5.8015,3.8184999999999993
Uttarakhand,2019-10-31,Monthly,4.72,925174.0,33.87,Urban,Pre-COVID,2019,10,Oct,2019-10,5.8015,-1.0815000000000001
Uttarakhand,2019-11-30,Monthly,6.34,904903.0,33.61,Urban,Pre-COVID,2019,11,Nov,2019-11,5.8015,0.5385
Uttarakhand,2019-12-31,Monthly,7.39,844779.0,31.65,Urban,Pre-COVID,2019,12,Dec,2019-12,5.8015,1.5884999999999998
Uttarakhand,2020-01-31,Monthly,8.92,725253.0,27.55,Urban,Pre-COVID,2020,1,Jan,2020-01,5.8015,3.1185
Uttarakhand,2020-02-29,Monthly,5.28,963408.0,35.11,Urban,Pre-COVID,2020,2,Feb,2020-02,5.8015,-0.5214999999999996
Uttarakhand,2020-03-31,Monthly,8.15,889245.0,33.33,Urban,COVID,2020,3,Mar,2020-03,5.8015,2.3485000000000005
Uttarakhand,2020-04-30,Monthly,13.18,748041.0,29.59,Urban,COVID,2020,4,Apr,2020-04,5.8015,7.3785
Uttarakhand,2020-05-31,Monthly,17.36,778590.0,32.27,Urban,COVID,2020,5,May,2020-05,5.8015,11.558499999999999
Uttarakhand,2020-06-30,Monthly,5.08,989470.0,35.61,Urban,COVID,2020,6,Jun,2020-06,5.8015,-0.7214999999999998
West Bengal,2019-05-31,Monthly,6.02,23452875.0,46.41,Rural,Pre-COVID,2019,5,May,2019-05,6.57,-0.5500000000000007
West Bengal,2019-06-30,Monthly,5.85,25543465.0,50.36,Rural,Pre-COVID,2019,6,Jun,2019-06,6.57,-0.7200000000000006
West Bengal,2019-07-31,Monthly,5.62,24857807.0,48.78,Rural,Pre-COVID,2019,7,Jul,2019-07,6.57,-0.9500000000000002
West Bengal,2019-08-31,Monthly,5.58,24924827.0,48.79,Rural,Pre-COVID,2019,8,Aug,2019-08,6.57,-0.9900000000000002
West Bengal,2019-09-30,Monthly,5.26,25610773.0,49.87,Rural,Pre-COVID,2019,9,Sep,2019-09,6.57,-1.3100000000000005
West Bengal,2019-10-31,Monthly,6.78,24353018.0,48.09,Rural,Pre-COVID,2019,10,Oct,2019-10,6.57,0.20999999999999996
West Bengal,2019-11-30,Monthly,5.83,25630359.0,50.0,Rural,Pre-COVID,2019,11,Nov,2019-11,6.57,-0.7400000000000002
West Bengal,2019-12-31,Monthly,5.79,24906239.0,48.47,Rural,Pre-COVID,2019,12,Dec,2019-12,6.57,-0.7800000000000002
West Bengal,2020-01-31,Monthly,6.79,24612171.0,48.3,Rural,Pre-COVID,2020,1,Jan,2020-01,6.57,0.21999999999999975
West Bengal,2020-02-29,Monthly,3.78,26093009.0,49.51,Rural,Pre-COVID,2020,2,Feb,2020-02,6.57,-2.7900000000000005
West Bengal,2020-03-31,Monthly,7.02,25097812.0,49.18,Rural,COVID,2020,3,Mar,2020-03,6.57,0.4499999999999993
West Bengal,2020-04-30,Monthly,18.32,17639370.0,39.27,Rural,COVID,2020,4,Apr,2020-04,6.57,11.75
West Bengal,2020-05-31,Monthly,18.43,19115772.0,42.53,Rural,COVID,2020,5,May,2020-05,6.57,11.86
West Bengal,2020-06-30,Monthly,4.94,21225887.0,40.44,Rural,COVID,2020,6,Jun,2020-06,6.57,-1.63
West Bengal,2019-05-31,Monthly,7.25,11306177.0,46.37,Urban,Pre-COVID,2019,5,May,2019-05,6.57,0.6799999999999997
West Bengal,2019-06-30,Monthly,7.38,10611498.0,43.51,Urban,Pre-COVID,2019,6,Jun,2019-06,6.57,0.8099999999999996
West Bengal,2019-07-31,Monthly,7.91,10779829.0,44.38,Urban,Pre-COVID,2019,7,Jul,2019-07,6.57,1.3399999999999999
West Bengal,2019-08-31,Monthly,7.27,11456493.0,46.77,Urban,Pre-COVID,2019,8,Aug,2019-08,6.57,0.6999999999999993
West Bengal,2019-09-30,Monthly,7.79,11158649.0,45.74,Urban,Pre-COVID,2019,9,Sep,2019-09,6.57,1.2199999999999998
West Bengal,2019-10-31,Monthly,7.83,10563686.0,43.25,Urban,Pre-COVID,2019,10,Oct,2019-10,6.57,1.2599999999999998
West Bengal,2019-11-30,Monthly,6.61,10768462.0,43.44,Urban,Pre-COVID,2019,11,Nov,2019-11,6.57,0.040000000000000036
West Bengal,2019-12-31,Monthly,7.24,11335696.0,45.97,Urban,Pre-COVID,2019,12,Dec,2019-12,6.57,0.6699999999999999
West Bengal,2020-01-31,Monthly,7.27,11208617.0,45.39,Urban,Pre-COVID,2020,1,Jan,2020-01,6.57,0.6999999999999993
West Bengal,2020-02-29,Monthly,7.55,10871168.0,44.09,Urban,Pre-COVID,2020,2,Feb,2020-02,6.57,0.9799999999999995
West Bengal,2020-03-31,Monthly,6.67,10806105.0,43.34,Urban,COVID,2020,3,Mar,2020-03,6.57,0.09999999999999964
West Bengal,2020-04-30,Monthly,15.63,9299466.0,41.2,Urban,COVID,2020,4,Apr,2020-04,6.57,9.06
West Bengal,2020-05-31,Monthly,15.22,9240903.0,40.67,Urban,COVID,2020,5,May,2020-05,6.57,8.65
West Bengal,2020-06-30,Monthly,9.86,9088931.0,37.57,Urban,COVID,2020,6,Jun,2020-06,6.57,3.289999999999999
